-- MySQL dump 10.13  Distrib 5.6.35-80.0, for Linux (x86_64)
--
-- Host: pskydb1.webair.com    Database: sqone
-- ------------------------------------------------------
-- Server version	5.7.16-10-log

/*!40101 SET @OLD_CHARACTER_SET_CLIENT=@@CHARACTER_SET_CLIENT */;
/*!40101 SET @OLD_CHARACTER_SET_RESULTS=@@CHARACTER_SET_RESULTS */;
/*!40101 SET @OLD_COLLATION_CONNECTION=@@COLLATION_CONNECTION */;
/*!40101 SET NAMES utf8 */;
/*!40103 SET @OLD_TIME_ZONE=@@TIME_ZONE */;
/*!40103 SET TIME_ZONE='+00:00' */;
/*!40014 SET @OLD_UNIQUE_CHECKS=@@UNIQUE_CHECKS, UNIQUE_CHECKS=0 */;
/*!40014 SET @OLD_FOREIGN_KEY_CHECKS=@@FOREIGN_KEY_CHECKS, FOREIGN_KEY_CHECKS=0 */;
/*!40101 SET @OLD_SQL_MODE=@@SQL_MODE, SQL_MODE='NO_AUTO_VALUE_ON_ZERO' */;
/*!40111 SET @OLD_SQL_NOTES=@@SQL_NOTES, SQL_NOTES=0 */;

--
-- Table structure for table `activity_log`
--

DROP TABLE IF EXISTS `activity_log`;
/*!40101 SET @saved_cs_client     = @@character_set_client */;
/*!40101 SET character_set_client = utf8 */;
CREATE TABLE `activity_log` (
  `id` int(10) unsigned NOT NULL AUTO_INCREMENT,
  `user_id` int(11) DEFAULT NULL,
  `text` varchar(255) COLLATE utf8_unicode_ci NOT NULL,
  `source_type` varchar(255) COLLATE utf8_unicode_ci NOT NULL,
  `source_id` int(11) DEFAULT NULL,
  `ip_address` varchar(64) COLLATE utf8_unicode_ci NOT NULL,
  `action` varchar(255) COLLATE utf8_unicode_ci NOT NULL,
  `created_at` timestamp NULL DEFAULT NULL,
  `updated_at` timestamp NULL DEFAULT NULL,
  PRIMARY KEY (`id`)
) ENGINE=InnoDB AUTO_INCREMENT=195 DEFAULT CHARSET=utf8 COLLATE=utf8_unicode_ci;
/*!40101 SET character_set_client = @saved_cs_client */;

--
-- Dumping data for table `activity_log`
--

LOCK TABLES `activity_log` WRITE;
/*!40000 ALTER TABLE `activity_log` DISABLE KEYS */;
INSERT INTO `activity_log` VALUES (1,2,'Client Star Light was assigned to Mitchell Plotkin','App\\Models\\Client',1,'','created','2017-08-28 22:08:43','2017-08-28 22:08:43'),(2,2,'Client Ferrell was assigned to Alex Portugal','App\\Models\\Client',2,'','created','2017-08-29 00:12:17','2017-08-29 00:12:17'),(3,2,'Request Loan Agreement was created by Alex Portugal and assigned to Alex Portugal','App\\Models\\Task',1,'','created','2017-08-29 18:00:57','2017-08-29 18:00:57'),(4,2,'Alex Portugal assigned task to Alex Portugal','App\\Models\\Task',1,'','updated_assign','2017-08-29 18:01:16','2017-08-29 18:01:16'),(5,2,'Alex Portugal assigned task to Mehdi Metidji','App\\Models\\Task',1,'','updated_assign','2017-08-29 18:01:22','2017-08-29 18:01:22'),(6,2,'Alex Portugal assigned task to Mehdi Metidji','App\\Models\\Task',1,'','updated_assign','2017-08-29 18:01:44','2017-08-29 18:01:44'),(7,2,'WC 8/30 - Anthony Ferrell  was created by Alex Portugal and assigned to Mehdi Metidji','App\\Models\\Task',2,'','created','2017-08-30 20:18:59','2017-08-30 20:18:59'),(8,2,'Task was completed by Alex Portugal','App\\Models\\Task',2,'','updated_status','2017-08-30 20:21:12','2017-08-30 20:21:12'),(9,2,'Mark Hogue was created by Alex Portugal and assigned to Alex Portugal','App\\Models\\Lead',1,'','created','2017-08-31 19:21:07','2017-08-31 19:21:07'),(10,2,'Client Paradise Grill was assigned to Alex Portugal','App\\Models\\Client',3,'','created','2017-08-31 19:22:18','2017-08-31 19:22:18'),(11,2,'Metal Fortress Radio LLC was created by Alex Portugal and assigned to Alex Portugal','App\\Models\\Lead',2,'','created','2017-09-05 20:12:27','2017-09-05 20:12:27'),(12,2,'Client Metal Fortress Radio LLC was assigned to Alex Portugal','App\\Models\\Client',4,'','created','2017-09-05 20:15:45','2017-09-05 20:15:45'),(13,2,'Metal Fortress Radio LLC was created by Alex Portugal and assigned to Alex Portugal','App\\Models\\Lead',3,'','created','2017-09-05 20:21:14','2017-09-05 20:21:14'),(14,2,'Lead was completed by Alex Portugal','App\\Models\\Lead',2,'','updated_status','2017-09-05 20:30:14','2017-09-05 20:30:14'),(15,2,'Client TURTLE TOTS ACADEMY LLC                                     . was assigned to Alex Portugal','App\\Models\\Client',5,'','created','2017-09-05 21:24:42','2017-09-05 21:24:42'),(16,1,'Client Test LLC was assigned to Logan','App\\Models\\Client',6,'','created','2017-09-07 08:08:41','2017-09-07 08:08:41'),(17,2,'Client Wayne Auto Collision & Sales INC was assigned to Alex Portugal','App\\Models\\Client',7,'','created','2017-09-12 00:35:52','2017-09-12 00:35:52'),(18,2,'Wayne Auto Collision & Sales INC was created by Alex Portugal and assigned to Alex Portugal','App\\Models\\Lead',4,'','created','2017-09-12 00:39:03','2017-09-12 00:39:03'),(19,2,'Client Bench Craft Custom Wood Work was assigned to Alex Portugal','App\\Models\\Client',8,'','created','2017-09-12 17:41:57','2017-09-12 17:41:57'),(20,2,'Bench Craft Custom Wood Work was created by Alex Portugal and assigned to Alex Portugal','App\\Models\\Lead',5,'','created','2017-09-12 17:42:54','2017-09-12 17:42:54'),(21,2,'khjgiou was created by Alex Portugal and assigned to Alex Portugal','App\\Models\\Debt',1,'','created','2017-09-13 17:11:48','2017-09-13 17:11:48'),(22,2,'Debt was completed by Alex Portugal','App\\Models\\Debt',1,'','updated_status','2017-09-13 17:23:30','2017-09-13 17:23:30'),(23,2,'87673 was created by Alex Portugal and assigned to Alex Portugal','App\\Models\\Debt',2,'','created','2017-09-13 18:24:18','2017-09-13 18:24:18'),(24,2,'Debt was completed by Alex Portugal','App\\Models\\Debt',2,'','updated_status','2017-09-13 18:28:26','2017-09-13 18:28:26'),(25,2,'Lead was completed by Alex Portugal','App\\Models\\Lead',5,'','updated_status','2017-09-13 21:54:04','2017-09-13 21:54:04'),(26,2,'Shazad was created by Alex Portugal and assigned to Alex Portugal','App\\Models\\Debt',3,'','created','2017-09-14 13:39:19','2017-09-14 13:39:19'),(27,2,'open2 was created by Alex Portugal and assigned to Alex Portugal','App\\Models\\Debt',4,'','created','2017-09-14 13:45:17','2017-09-14 13:45:17'),(28,2,'Client Trump Tower was assigned to Alex Portugal','App\\Models\\Client',9,'','created','2017-09-14 13:59:44','2017-09-14 13:59:44'),(29,2,'Donald Trump was created by Alex Portugal and assigned to Alex Portugal','App\\Models\\Lead',6,'','created','2017-09-14 14:00:50','2017-09-14 14:00:50'),(30,2,'Donald Trump was created by Alex Portugal and assigned to Alex Portugal','App\\Models\\Debt',5,'','created','2017-09-14 14:02:04','2017-09-14 14:02:04'),(31,2,'Client R C Builders of Ashton was assigned to Alex Portugal','App\\Models\\Client',10,'','created','2017-09-14 15:51:52','2017-09-14 15:51:52'),(32,2,'Lead was completed by Alex Portugal','App\\Models\\Lead',6,'','updated_status','2017-09-14 15:52:53','2017-09-14 15:52:53'),(33,2,'Debt was completed by Alex Portugal','App\\Models\\Debt',5,'','updated_status','2017-09-14 15:53:12','2017-09-14 15:53:12'),(34,2,'R  C Builders of Ashton was created by Alex Portugal and assigned to Alex Portugal','App\\Models\\Lead',7,'','created','2017-09-14 15:54:46','2017-09-14 15:54:46'),(35,2,'R  C Builders of Ashton was created by Alex Portugal and assigned to Alex Portugal','App\\Models\\Debt',6,'','created','2017-09-14 15:57:36','2017-09-14 15:57:36'),(36,2,'Grefe\'s Auto Service LLC was created by Alex Portugal and assigned to Alex Portugal','App\\Models\\Lead',8,'','created','2017-09-14 16:14:04','2017-09-14 16:14:04'),(37,2,'Grefe\'s Auto Service LLC was created by Alex Portugal and assigned to Alex Portugal','App\\Models\\Debt',7,'','created','2017-09-14 16:16:22','2017-09-14 16:16:22'),(38,2,'Debt was completed by Alex Portugal','App\\Models\\Debt',7,'','updated_status','2017-09-15 20:34:21','2017-09-15 20:34:21'),(39,2,'Debt was completed by Alex Portugal','App\\Models\\Debt',6,'','updated_status','2017-09-15 20:34:31','2017-09-15 20:34:31'),(40,1,'Client Best Productions was assigned to Logan','App\\Models\\Client',11,'','created','2017-09-18 09:51:43','2017-09-18 09:51:43'),(41,1,'Client Best Productions was assigned to Alex Portugal','App\\Models\\Client',12,'','created','2017-09-18 09:53:47','2017-09-18 09:53:47'),(42,2,'Task was completed by Alex Portugal','App\\Models\\Task',1,'','updated_status','2017-09-18 09:59:15','2017-09-18 09:59:15'),(43,2,'Client Made In The Shade was assigned to Alex Portugal','App\\Models\\Client',13,'','created','2017-09-19 18:45:12','2017-09-19 18:45:12'),(44,2,'Made in the Shade was created by Alex Portugal and assigned to Alex Portugal','App\\Models\\Lead',9,'','created','2017-09-19 18:48:49','2017-09-19 18:48:49'),(45,2,'Sky Dive Marana was created by Alex Portugal and assigned to Alex Portugal','App\\Models\\Lead',10,'','created','2017-09-19 20:46:35','2017-09-19 20:46:35'),(46,2,'Lead was completed by Alex Portugal','App\\Models\\Lead',9,'','updated_status','2017-09-22 17:38:00','2017-09-22 17:38:00'),(47,2,'Lead was completed by Alex Portugal','App\\Models\\Lead',8,'','updated_status','2017-09-22 20:03:45','2017-09-22 20:03:45'),(48,2,'Lead was completed by Alex Portugal','App\\Models\\Lead',1,'','updated_status','2017-09-22 20:10:43','2017-09-22 20:10:43'),(49,2,'Lead was completed by Alex Portugal','App\\Models\\Lead',3,'','updated_status','2017-09-22 20:10:51','2017-09-22 20:10:51'),(50,2,'Lead was completed by Alex Portugal','App\\Models\\Lead',7,'','updated_status','2017-09-22 20:10:58','2017-09-22 20:10:58'),(51,2,'Lead was completed by Alex Portugal','App\\Models\\Lead',10,'','updated_status','2017-09-22 20:11:05','2017-09-22 20:11:05'),(52,2,'Lead was completed by Alex Portugal','App\\Models\\Lead',4,'','updated_status','2017-09-22 20:11:12','2017-09-22 20:11:12'),(53,2,'Debt was completed by Alex Portugal','App\\Models\\Debt',3,'','updated_status','2017-09-22 20:11:31','2017-09-22 20:11:31'),(54,2,'Debt was completed by Alex Portugal','App\\Models\\Debt',4,'','updated_status','2017-09-22 20:11:38','2017-09-22 20:11:38'),(55,2,'Test01 was created by Alex Portugal and assigned to Alex Portugal','App\\Models\\Debt',8,'','created','2017-09-26 10:06:20','2017-09-26 10:06:20'),(56,2,'Debt was completed by Alex Portugal','App\\Models\\Debt',8,'','updated_status','2017-09-26 10:17:40','2017-09-26 10:17:40'),(57,2,'Testicles was created by Alex Portugal and assigned to Alex Portugal','App\\Models\\Debt',9,'','created','2017-09-26 21:00:29','2017-09-26 21:00:29'),(58,2,'Debt was completed by Alex Portugal','App\\Models\\Debt',9,'','updated_status','2017-09-26 21:15:00','2017-09-26 21:15:00'),(59,2,'Balls was created by Alex Portugal and assigned to Alex Portugal','App\\Models\\Debt',10,'','created','2017-09-26 22:36:18','2017-09-26 22:36:18'),(60,2,'WOW was created by Alex Portugal and assigned to Alex Portugal','App\\Models\\Debt',11,'','created','2017-09-27 07:27:17','2017-09-27 07:27:17'),(61,2,'Alex Portugal created an agreement for WOW','App\\Models\\Debt',11,'','updated_agreement','2017-09-27 17:02:49','2017-09-27 17:02:49'),(62,2,'Alex Portugal created an agreement for WOW','App\\Models\\Debt',11,'','updated_agreement','2017-09-27 17:31:56','2017-09-27 17:31:56'),(63,6,'Alex Portugal created an agreement for Balls','App\\Models\\Debt',10,'','updated_agreement','2017-09-27 22:08:52','2017-09-27 22:08:52'),(64,6,'Mehdi Test was created by Garry Davydov and assigned to Mehdi Metidji','App\\Models\\Debt',12,'','created','2017-09-27 22:13:22','2017-09-27 22:13:22'),(65,6,'Mehdi Metidji created an agreement for Mehdi Test','App\\Models\\Debt',12,'','updated_agreement','2017-09-27 22:13:30','2017-09-27 22:13:30'),(66,6,'Mehdi Metidji created an agreement for Mehdi Test','App\\Models\\Debt',12,'','updated_agreement','2017-09-27 23:07:13','2017-09-27 23:07:13'),(67,2,'Davis Metal was created by Alex Portugal and assigned to Alex Portugal','App\\Models\\Debt',13,'','created','2017-09-28 01:04:41','2017-09-28 01:04:41'),(68,2,'123456 was created by Alex Portugal and assigned to Alex Portugal','App\\Models\\Debt',14,'','created','2017-09-28 15:46:05','2017-09-28 15:46:05'),(69,2,'Alex Portugal created an agreement for Davis Metal','App\\Models\\Debt',13,'','updated_agreement','2017-09-28 18:22:50','2017-09-28 18:22:50'),(70,2,'Alex Portugal created an agreement for Davis Metal','App\\Models\\Debt',13,'','updated_agreement','2017-09-28 18:24:42','2017-09-28 18:24:42'),(71,6,'test 4554 was created by Garry Davydov and assigned to Alex Portugal','App\\Models\\Debt',15,'','created','2017-09-28 20:30:03','2017-09-28 20:30:03'),(72,6,'Alex Portugal created an agreement for test 4554','App\\Models\\Debt',15,'','updated_agreement','2017-09-28 20:30:12','2017-09-28 20:30:12'),(73,6,'test 54345634 was created by Garry Davydov and assigned to Alex Portugal','App\\Models\\Debt',16,'','created','2017-09-28 20:32:22','2017-09-28 20:32:22'),(74,6,'Alex Portugal created an agreement for test 54345634','App\\Models\\Debt',16,'','updated_agreement','2017-09-28 20:32:29','2017-09-28 20:32:29'),(75,6,'Alex Portugal created an agreement for test 54345634','App\\Models\\Debt',16,'','updated_agreement','2017-09-28 20:44:58','2017-09-28 20:44:58'),(76,2,'Alex Portugal created an agreement for Davis Metal','App\\Models\\Debt',13,'','updated_agreement','2017-09-28 21:06:56','2017-09-28 21:06:56'),(77,2,'Alex Portugal created an agreement for Davis Metal','App\\Models\\Debt',13,'','updated_agreement','2017-09-28 21:37:23','2017-09-28 21:37:23'),(78,2,'Alex Portugal created an agreement for Davis Metal','App\\Models\\Debt',13,'','updated_agreement','2017-09-28 21:41:07','2017-09-28 21:41:07'),(79,2,'Alex Portugal created an agreement for Davis Metal','App\\Models\\Debt',13,'','updated_agreement','2017-09-28 21:52:23','2017-09-28 21:52:23'),(80,2,'Alex Portugal created an agreement for Davis Metal','App\\Models\\Debt',13,'','updated_agreement','2017-09-28 21:59:27','2017-09-28 21:59:27'),(81,2,'Alex Portugal created an agreement for Davis Metal','App\\Models\\Debt',13,'','updated_agreement','2017-09-28 21:59:27','2017-09-28 21:59:27'),(82,2,'Debt was completed by Alex Portugal','App\\Models\\Debt',13,'','updated_status','2017-09-28 23:43:20','2017-09-28 23:43:20'),(83,2,'Client Forum Outdoor Designs LLC was assigned to Logan','App\\Models\\Client',14,'','created','2017-09-29 19:01:29','2017-09-29 19:01:29'),(84,2,'Willaim Scherech was created by Alex Portugal and assigned to Alex Portugal','App\\Models\\Debt',17,'','created','2017-09-29 19:05:33','2017-09-29 19:05:33'),(85,2,'Alex Portugal created an agreement for Willaim Scherech','App\\Models\\Debt',17,'','updated_agreement','2017-09-29 19:05:58','2017-09-29 19:05:58'),(86,2,'Alex Portugal assigned debt to Alex Portugal','App\\Models\\Debt',17,'','updated_assign','2017-09-29 19:14:50','2017-09-29 19:14:50'),(87,2,'william was created by Alex Portugal and assigned to Alex Portugal','App\\Models\\Debt',18,'','created','2017-09-29 19:15:45','2017-09-29 19:15:45'),(88,2,'Alex Portugal created an agreement for william','App\\Models\\Debt',18,'','updated_agreement','2017-09-29 19:16:06','2017-09-29 19:16:06'),(89,2,'Alex Portugal created an agreement for william','App\\Models\\Debt',18,'','updated_agreement','2017-09-29 19:42:50','2017-09-29 19:42:50'),(90,7,'Client tjs was assigned to Mehdi Metidji','App\\Models\\Client',15,'','created','2017-09-29 23:00:44','2017-09-29 23:00:44'),(91,2,'Alex Portugal created an agreement for william','App\\Models\\Debt',18,'','updated_agreement','2017-10-01 03:03:56','2017-10-01 03:03:56'),(92,2,'Alex Portugal created an agreement for william','App\\Models\\Debt',18,'','updated_agreement','2017-10-01 03:40:33','2017-10-01 03:40:33'),(93,2,'Alex Portugal created an agreement for william','App\\Models\\Debt',18,'','updated_agreement','2017-10-01 04:02:00','2017-10-01 04:02:00'),(94,2,'Man Lover was created by Alex Portugal and assigned to Alex Portugal','App\\Models\\Debt',1,'','created','2017-10-02 04:37:09','2017-10-02 04:37:09'),(95,2,'Alex Portugal created an agreement for Man Lover','App\\Models\\Debt',1,'','updated_agreement','2017-10-02 04:41:13','2017-10-02 04:41:13'),(96,2,'Monday  was created by Alex Portugal and assigned to Alex Portugal','App\\Models\\Debt',2,'','created','2017-10-02 17:51:57','2017-10-02 17:51:57'),(97,2,'Alex Portugal created an agreement for Monday ','App\\Models\\Debt',2,'','updated_agreement','2017-10-02 17:54:14','2017-10-02 17:54:14'),(98,2,'Alex Portugal created an agreement for Monday ','App\\Models\\Debt',2,'','updated_agreement','2017-10-02 17:55:13','2017-10-02 17:55:13'),(99,2,'Client WC Trucking LLC was assigned to Logan','App\\Models\\Client',16,'','created','2017-10-02 19:41:26','2017-10-02 19:41:26'),(100,2,'Wesley Charles was created by Alex Portugal and assigned to Alex Portugal','App\\Models\\Debt',3,'','created','2017-10-02 19:43:57','2017-10-02 19:43:57'),(101,2,'Alex Portugal created an agreement for Wesley Charles','App\\Models\\Debt',3,'','updated_agreement','2017-10-02 19:45:58','2017-10-02 19:45:58'),(102,2,'Alex Portugal created an agreement for Wesley Charles','App\\Models\\Debt',3,'','updated_agreement','2017-10-02 20:55:27','2017-10-02 20:55:27'),(103,5,'tester was created by Mehdi Metidji and assigned to Alex Portugal','App\\Models\\Debt',4,'','created','2017-10-04 17:39:38','2017-10-04 17:39:38'),(104,5,'Alex Portugal created an agreement for tester','App\\Models\\Debt',4,'','updated_agreement','2017-10-04 17:53:36','2017-10-04 17:53:36'),(105,2,'KR Trading was created by Alex Portugal and assigned to Alex Portugal','App\\Models\\Debt',5,'','created','2017-10-04 18:31:07','2017-10-04 18:31:07'),(106,2,'Client Busy Bee Development Learning Center was assigned to Alex Portugal','App\\Models\\Client',17,'','created','2017-10-05 18:51:25','2017-10-05 18:51:25'),(107,2,'Busy Bee Developmental Learning Center was created by Alex Portugal and assigned to Alex Portugal','App\\Models\\Debt',6,'','created','2017-10-05 18:57:31','2017-10-05 18:57:31'),(108,2,'Alex Portugal created an agreement for Busy Bee Developmental Learning Center','App\\Models\\Debt',6,'','updated_agreement','2017-10-05 18:58:10','2017-10-05 18:58:10'),(109,2,'Alex Portugal created an agreement for Busy Bee Developmental Learning Center','App\\Models\\Debt',6,'','updated_agreement','2017-10-05 19:01:06','2017-10-05 19:01:06'),(110,2,'Alex Portugal created an agreement for Busy Bee Developmental Learning Center','App\\Models\\Debt',6,'','updated_agreement','2017-10-05 21:45:42','2017-10-05 21:45:42'),(111,2,'Client RSC MechanicVCINC was assigned to Garry Davydov','App\\Models\\Client',18,'','created','2017-10-06 00:07:40','2017-10-06 00:07:40'),(112,2,'rsc mechanical  was created by Alex Portugal and assigned to Garry Davydov','App\\Models\\Debt',7,'','created','2017-10-06 00:09:56','2017-10-06 00:09:56'),(113,2,'Garry Davydov created an agreement for rsc mechanical ','App\\Models\\Debt',7,'','updated_agreement','2017-10-06 00:10:15','2017-10-06 00:10:15'),(114,2,'Garry Davydov created an agreement for rsc mechanical ','App\\Models\\Debt',7,'','updated_agreement','2017-10-06 00:12:38','2017-10-06 00:12:38'),(115,2,'Garry Davydov created an agreement for rsc mechanical ','App\\Models\\Debt',7,'','updated_agreement','2017-10-06 00:14:59','2017-10-06 00:14:59'),(116,2,'Alex Portugal created an agreement for Wesley Charles','App\\Models\\Debt',3,'','updated_agreement','2017-10-06 16:17:24','2017-10-06 16:17:24'),(117,6,'Alex Portugal created an agreement for Busy Bee Developmental Learning Center','App\\Models\\Debt',6,'','updated_agreement','2017-10-06 19:01:09','2017-10-06 19:01:09'),(118,2,'Alex Check was created by Alex Portugal and assigned to Alex Portugal','App\\Models\\Task',3,'','created','2017-10-06 19:37:05','2017-10-06 19:37:05'),(119,2,'Vishaal  was created by Alex Portugal and assigned to Alex Portugal','App\\Models\\Lead',11,'','created','2017-10-06 19:43:14','2017-10-06 19:43:14'),(120,2,'Vishaal Melwani was created by Alex Portugal and assigned to Alex Portugal','App\\Models\\Debt',8,'','created','2017-10-06 20:07:15','2017-10-06 20:07:15'),(121,2,'Premium Shield INC was created by Alex Portugal and assigned to Mehdi Metidji','App\\Models\\Task',4,'','created','2017-10-06 21:34:53','2017-10-06 21:34:53'),(122,2,'Alex Portugal inserted a new time for this task','App\\Models\\Task',4,'','updated_time','2017-10-06 21:37:37','2017-10-06 21:37:37'),(123,2,'Task was completed by Alex Portugal','App\\Models\\Task',3,'','updated_status','2017-10-06 22:41:11','2017-10-06 22:41:11'),(124,2,'Client C K Prime Investments INC was assigned to Alex Portugal','App\\Models\\Client',19,'','created','2017-10-07 00:14:56','2017-10-07 00:14:56'),(125,2,'Chad Kovarik was created by Alex Portugal and assigned to Alex Portugal','App\\Models\\Debt',9,'','created','2017-10-07 00:17:10','2017-10-07 00:17:10'),(126,2,'Client Mile Fabrication INC was assigned to Alex Portugal','App\\Models\\Client',20,'','created','2017-10-07 00:55:14','2017-10-07 00:55:14'),(127,2,'Michelle Miles was created by Alex Portugal and assigned to Alex Portugal','App\\Models\\Debt',10,'','created','2017-10-07 01:13:40','2017-10-07 01:13:40'),(128,2,'Alex Portugal created an agreement for Busy Bee Developmental Learning Center','App\\Models\\Debt',6,'','updated_agreement','2017-10-09 07:25:40','2017-10-09 07:25:40'),(129,2,'Alex Portugal created an agreement for Busy Bee Developmental Learning Center','App\\Models\\Debt',6,'','updated_agreement','2017-10-09 20:15:37','2017-10-09 20:15:37'),(130,2,'Alex Portugal created an agreement for Busy Bee Developmental Learning Center','App\\Models\\Debt',6,'','updated_agreement','2017-10-09 20:22:39','2017-10-09 20:22:39'),(131,2,'Alex Portugal created an agreement for tester','App\\Models\\Debt',4,'','updated_agreement','2017-10-09 22:27:51','2017-10-09 22:27:51'),(132,2,'Go was created by Alex Portugal and assigned to Alex Portugal','App\\Models\\Debt',11,'','created','2017-10-09 22:43:09','2017-10-09 22:43:09'),(133,2,'Alex Portugal created an agreement for Go','App\\Models\\Debt',11,'','updated_agreement','2017-10-09 22:43:43','2017-10-09 22:43:43'),(134,2,'Garry Davydov created an agreement for rsc mechanical ','App\\Models\\Debt',7,'','updated_agreement','2017-10-10 22:02:01','2017-10-10 22:02:01'),(135,2,'Alex Portugal assigned client to Alex Portugal','App\\Models\\Client',14,'','updated_assign','2017-10-10 23:52:20','2017-10-10 23:52:20'),(136,2,'William Schereck was created by Alex Portugal and assigned to Alex Portugal','App\\Models\\Debt',12,'','created','2017-10-10 23:59:38','2017-10-10 23:59:38'),(137,2,'Alex Portugal created an agreement for William Schereck','App\\Models\\Debt',12,'','updated_agreement','2017-10-10 23:59:51','2017-10-10 23:59:51'),(138,2,'Alex Portugal created an agreement for William Schereck','App\\Models\\Debt',12,'','updated_agreement','2017-10-11 00:03:27','2017-10-11 00:03:27'),(139,2,'Alex Portugal created an agreement for William Schereck','App\\Models\\Debt',12,'','updated_agreement','2017-10-11 00:04:12','2017-10-11 00:04:12'),(140,2,'Alex Portugal created an agreement for Chad Kovarik','App\\Models\\Debt',9,'','updated_agreement','2017-10-11 01:15:42','2017-10-11 01:15:42'),(141,2,'Client FirstLight HomeCare was assigned to Alex Portugal','App\\Models\\Client',21,'','created','2017-10-11 20:07:56','2017-10-11 20:07:56'),(142,2,'Deborah Moerland was created by Alex Portugal and assigned to Alex Portugal','App\\Models\\Debt',13,'','created','2017-10-11 20:10:40','2017-10-11 20:10:40'),(143,2,'Alex Portugal created an agreement for Deborah Moerland','App\\Models\\Debt',13,'','updated_agreement','2017-10-11 20:12:14','2017-10-11 20:12:14'),(144,2,'Alex Portugal created an agreement for Deborah Moerland','App\\Models\\Debt',13,'','updated_agreement','2017-10-11 20:19:08','2017-10-11 20:19:08'),(145,2,'Client All Mines was assigned to Alex Portugal','App\\Models\\Client',24,'','created','2017-10-12 23:15:30','2017-10-12 23:15:30'),(146,2,'All Mine was created by Alex Portugal and assigned to Alex Portugal','App\\Models\\Lead',12,'','created','2017-10-12 23:16:05','2017-10-12 23:16:05'),(147,2,'All Mine was created by Alex Portugal and assigned to Alex Portugal','App\\Models\\Debt',14,'','created','2017-10-12 23:17:17','2017-10-12 23:17:17'),(148,2,'Debt was completed by Alex Portugal','App\\Models\\Debt',14,'','updated_status','2017-10-12 23:17:47','2017-10-12 23:17:47'),(149,2,'Debt was completed by Alex Portugal','App\\Models\\Debt',6,'','updated_status','2017-10-12 23:19:59','2017-10-12 23:19:59'),(150,2,'Debt was completed by Alex Portugal','App\\Models\\Debt',7,'','updated_status','2017-10-12 23:20:23','2017-10-12 23:20:23'),(151,2,'Debt was completed by Alex Portugal','App\\Models\\Debt',5,'','updated_status','2017-10-12 23:20:57','2017-10-12 23:20:57'),(152,2,'Bench Craft Custom Wood Work was created by Alex Portugal and assigned to Alex Portugal','App\\Models\\Debt',15,'','created','2017-10-12 23:24:41','2017-10-12 23:24:41'),(153,2,'Debt was completed by Alex Portugal','App\\Models\\Debt',15,'','updated_status','2017-10-12 23:24:45','2017-10-12 23:24:45'),(154,2,'Debt was completed by Alex Portugal','App\\Models\\Debt',12,'','updated_status','2017-10-13 19:22:04','2017-10-13 19:22:04'),(155,2,'New Era - Settled 2,300 was created by Alex Portugal and assigned to Alex Portugal','App\\Models\\Task',5,'','created','2017-10-13 19:25:12','2017-10-13 19:25:12'),(156,5,'Lead was completed by Mehdi Metidji','App\\Models\\Lead',12,'','updated_status','2017-10-16 21:49:23','2017-10-16 21:49:23'),(157,5,'Mehdi Metidji assigned client to Alex Portugal','App\\Models\\Client',24,'','updated_assign','2017-10-16 21:50:37','2017-10-16 21:50:37'),(158,2,'Client Moonrich LLC was assigned to Alex Portugal','App\\Models\\Client',25,'','created','2017-10-18 19:12:13','2017-10-18 19:12:13'),(159,2,'Moonarh LLC was created by Alex Portugal and assigned to Alex Portugal','App\\Models\\Debt',16,'','created','2017-10-18 19:13:51','2017-10-18 19:13:51'),(160,2,'Moonarh LLC was created by Alex Portugal and assigned to Alex Portugal','App\\Models\\Task',6,'','created','2017-10-18 19:16:03','2017-10-18 19:16:03'),(161,2,'Client 1st Division EMS was assigned to Logan','App\\Models\\Client',26,'','created','2017-10-18 19:43:35','2017-10-18 19:43:35'),(162,2,'Alcapone Foster was created by Alex Portugal and assigned to Alex Portugal','App\\Models\\Debt',17,'','created','2017-10-18 21:38:42','2017-10-18 21:38:42'),(163,2,'Alex Portugal created an agreement for Alcapone Foster','App\\Models\\Debt',17,'','updated_agreement','2017-10-18 21:38:54','2017-10-18 21:38:54'),(164,2,'Alex Portugal created an agreement for Alcapone Foster','App\\Models\\Debt',17,'','updated_agreement','2017-10-18 21:43:09','2017-10-18 21:43:09'),(165,2,'Client Steps to Solutions INC was assigned to Alex Portugal','App\\Models\\Client',27,'','created','2017-10-19 18:09:23','2017-10-19 18:09:23'),(166,2,'Peter Mccarthy was created by Alex Portugal and assigned to Alex Portugal','App\\Models\\Debt',18,'','created','2017-10-19 18:11:27','2017-10-19 18:11:27'),(167,2,'Alex Portugal created an agreement for Peter Mccarthy','App\\Models\\Debt',18,'','updated_agreement','2017-10-19 18:11:44','2017-10-19 18:11:44'),(168,2,'Alex Portugal created an agreement for Peter Mccarthy','App\\Models\\Debt',18,'','updated_agreement','2017-10-19 18:12:13','2017-10-19 18:12:13'),(169,2,'Alex Portugal created an agreement for Peter Mccarthy','App\\Models\\Debt',18,'','updated_agreement','2017-10-19 18:15:46','2017-10-19 18:15:46'),(170,5,'Client Inovasi was assigned to Alex Portugal','App\\Models\\Client',28,'','created','2017-10-19 19:41:11','2017-10-19 19:41:11'),(171,2,'John Des Rosiers was created by Alex Portugal and assigned to Alex Portugal','App\\Models\\Debt',19,'','created','2017-10-19 20:22:20','2017-10-19 20:22:20'),(172,5,'Alex Portugal created an agreement for John Des Rosiers','App\\Models\\Debt',19,'','updated_agreement','2017-10-19 21:45:45','2017-10-19 21:45:45'),(173,5,'Alex Portugal created an agreement for John Des Rosiers','App\\Models\\Debt',19,'','updated_agreement','2017-10-19 21:46:18','2017-10-19 21:46:18'),(174,5,'Alex Portugal created an agreement for John Des Rosiers','App\\Models\\Debt',19,'','updated_agreement','2017-10-19 21:48:08','2017-10-19 21:48:08'),(175,5,'Client Eladios Demolition was assigned to Alex Portugal','App\\Models\\Client',29,'','created','2017-10-20 18:35:27','2017-10-20 18:35:27'),(176,2,'Oscar Moarles was created by Alex Portugal and assigned to Alex Portugal','App\\Models\\Debt',20,'','created','2017-10-20 18:42:32','2017-10-20 18:42:32'),(177,2,'Alex Portugal created an agreement for Oscar Moarles','App\\Models\\Debt',20,'','updated_agreement','2017-10-20 18:42:46','2017-10-20 18:42:46'),(178,2,'Client Village of Nanny Glo was assigned to Alex Portugal','App\\Models\\Client',30,'','created','2017-10-20 20:21:00','2017-10-20 20:21:00'),(179,2,'Lorin Croce was created by Alex Portugal and assigned to Alex Portugal','App\\Models\\Debt',21,'','created','2017-10-20 20:24:56','2017-10-20 20:24:56'),(180,2,'Alex Portugal created an agreement for Lorin Croce','App\\Models\\Debt',21,'','updated_agreement','2017-10-20 20:25:14','2017-10-20 20:25:14'),(181,2,'Alex Portugal created an agreement for Lorin Croce','App\\Models\\Debt',21,'','updated_agreement','2017-10-20 22:34:10','2017-10-20 22:34:10'),(182,2,'Debt was completed by Alex Portugal','App\\Models\\Debt',21,'','updated_status','2017-10-20 23:12:40','2017-10-20 23:12:40'),(183,5,'Mehdi Metidji assigned client to Alex Portugal','App\\Models\\Client',26,'','updated_assign','2017-10-21 00:39:23','2017-10-21 00:39:23'),(184,2,'Client Digger Dan LLC was assigned to Alex Portugal','App\\Models\\Client',31,'','created','2017-10-23 18:11:37','2017-10-23 18:11:37'),(185,2,'Daniel Hocevar was created by Alex Portugal and assigned to Alex Portugal','App\\Models\\Debt',22,'','created','2017-10-23 19:28:40','2017-10-23 19:28:40'),(186,6,'Lead was completed by Garry Davydov','App\\Models\\Lead',11,'','updated_status','2017-10-24 00:32:24','2017-10-24 00:32:24'),(187,5,'Client Rc Builders of Ashton was assigned to Alex Portugal','App\\Models\\Client',32,'','created','2017-10-24 01:09:59','2017-10-24 01:09:59'),(188,2,'carol priester was created by Alex Portugal and assigned to Alex Portugal','App\\Models\\Debt',23,'','created','2017-10-24 01:21:31','2017-10-24 01:21:31'),(189,2,'Parol Priester was created by Alex Portugal and assigned to Alex Portugal','App\\Models\\Lead',13,'','created','2017-10-24 21:48:28','2017-10-24 21:48:28'),(190,2,'Alex Portugal created an agreement for carol priester','App\\Models\\Debt',23,'','updated_agreement','2017-10-24 21:58:39','2017-10-24 21:58:39'),(191,2,'Alex Portugal created an agreement for Alcapone Foster','App\\Models\\Debt',17,'','updated_agreement','2017-10-26 18:59:26','2017-10-26 18:59:26'),(192,5,'tester was created by Mehdi Metidji and assigned to Alex Portugal','App\\Models\\Debt',24,'','created','2017-10-27 18:19:15','2017-10-27 18:19:15'),(193,5,'Alex Portugal created an agreement for tester','App\\Models\\Debt',24,'','updated_agreement','2017-10-27 18:19:41','2017-10-27 18:19:41'),(194,2,'Debt was completed by Alex Portugal','App\\Models\\Debt',3,'','updated_status','2017-10-28 01:25:24','2017-10-28 01:25:24');
/*!40000 ALTER TABLE `activity_log` ENABLE KEYS */;
UNLOCK TABLES;

--
-- Table structure for table `client_invoice`
--

DROP TABLE IF EXISTS `client_invoice`;
/*!40101 SET @saved_cs_client     = @@character_set_client */;
/*!40101 SET character_set_client = utf8 */;
CREATE TABLE `client_invoice` (
  `id` int(10) unsigned NOT NULL AUTO_INCREMENT,
  `client_id` int(11) NOT NULL,
  `invoice_id` int(11) NOT NULL,
  `created_at` timestamp NULL DEFAULT NULL,
  `updated_at` timestamp NULL DEFAULT NULL,
  PRIMARY KEY (`id`)
) ENGINE=InnoDB AUTO_INCREMENT=3 DEFAULT CHARSET=utf8 COLLATE=utf8_unicode_ci;
/*!40101 SET character_set_client = @saved_cs_client */;

--
-- Dumping data for table `client_invoice`
--

LOCK TABLES `client_invoice` WRITE;
/*!40000 ALTER TABLE `client_invoice` DISABLE KEYS */;
INSERT INTO `client_invoice` VALUES (1,2,1,NULL,NULL),(2,14,2,NULL,NULL);
/*!40000 ALTER TABLE `client_invoice` ENABLE KEYS */;
UNLOCK TABLES;

--
-- Table structure for table `clients`
--

DROP TABLE IF EXISTS `clients`;
/*!40101 SET @saved_cs_client     = @@character_set_client */;
/*!40101 SET character_set_client = utf8 */;
CREATE TABLE `clients` (
  `id` int(10) unsigned NOT NULL AUTO_INCREMENT,
  `name` varchar(255) COLLATE utf8_unicode_ci NOT NULL,
  `email` varchar(255) COLLATE utf8_unicode_ci NOT NULL,
  `primary_number` varchar(255) COLLATE utf8_unicode_ci DEFAULT NULL,
  `secondary_number` varchar(255) COLLATE utf8_unicode_ci DEFAULT NULL,
  `address` varchar(255) COLLATE utf8_unicode_ci DEFAULT NULL,
  `zipcode` varchar(255) COLLATE utf8_unicode_ci DEFAULT NULL,
  `city` varchar(255) COLLATE utf8_unicode_ci DEFAULT NULL,
  `company_name` varchar(255) COLLATE utf8_unicode_ci NOT NULL,
  `vat` varchar(255) COLLATE utf8_unicode_ci DEFAULT NULL,
  `industry` varchar(255) COLLATE utf8_unicode_ci NOT NULL,
  `company_type` varchar(255) COLLATE utf8_unicode_ci DEFAULT NULL,
  `user_id` int(10) unsigned NOT NULL,
  `industry_id` int(10) unsigned NOT NULL,
  `created_at` timestamp NULL DEFAULT NULL,
  `updated_at` timestamp NULL DEFAULT NULL,
  `state` varchar(255) COLLATE utf8_unicode_ci NOT NULL,
  PRIMARY KEY (`id`),
  UNIQUE KEY `clients_email_unique` (`email`),
  KEY `clients_user_id_foreign` (`user_id`),
  KEY `clients_industry_id_foreign` (`industry_id`),
  CONSTRAINT `clients_industry_id_foreign` FOREIGN KEY (`industry_id`) REFERENCES `industries` (`id`),
  CONSTRAINT `clients_user_id_foreign` FOREIGN KEY (`user_id`) REFERENCES `users` (`id`)
) ENGINE=InnoDB AUTO_INCREMENT=33 DEFAULT CHARSET=utf8 COLLATE=utf8_unicode_ci;
/*!40101 SET character_set_client = @saved_cs_client */;

--
-- Dumping data for table `clients`
--

LOCK TABLES `clients` WRITE;
/*!40000 ALTER TABLE `clients` DISABLE KEYS */;
INSERT INTO `clients` VALUES (2,'Jimmy Davis','jimmydavis9@gmail.com','2056774090','','10399 Highway 280','35147','Sterrett','Davis Industries','1700004','','',2,8,'2017-08-29 00:12:16','2017-10-06 22:52:56','AL'),(3,'Vishaal Melwani','vishaal@combatgent.com','7022497036','','','','','Urban','','','',2,24,'2017-08-31 19:22:18','2017-10-06 19:45:00',''),(4,'Wissam Hassanin','wissam.70@hotmail.com','5107916040','','35831 Caxton PL # 243','94536','Fremont','Premium Shield INC','1700001','','',2,3,'2017-09-05 20:15:44','2017-10-06 22:51:49','CA'),(7,'William Schereck','test@test4.com','2146816092','','4157 Herschel Ave','75219','Dallas','Forum Outdoor Designs LLC','','','',2,5,'2017-09-12 00:35:51','2017-10-06 21:24:26','TX'),(8,'Wissam Hassanin','xx@gmail.com','5107916040','','35831 Caxton PL #243','94536','Fremont','Premium Shield INC','','','',2,17,'2017-09-12 17:41:56','2017-10-06 21:33:02','CA'),(9,'xxx','alexportugalnyc@gmail.com','','','','','','xx','','','A',2,3,'2017-09-14 13:59:44','2017-09-27 17:01:17',''),(10,'Test8','aportugal@triplejetsettlement.com','','','','','','Test8','','','Construction',2,8,'2017-09-14 15:51:52','2017-10-09 22:38:15',''),(13,'Matt/Kelli Houston','Matt@mitsaustin.com','8304771927','','6005 Lynn Lane','78645','Lago Vista','Made In The Shade','1700003','','',2,17,'2017-09-19 18:45:12','2017-10-06 23:01:52','TX'),(14,'William Schereck','forumoutdoordesigns@gmail.com','2146816092','2145224225','4157 Herschel Ave','75219','Dallas','Forum Outdoor Designs LLC','1700005','','',2,1,'2017-09-29 19:01:29','2017-10-10 23:52:20','TX'),(15,'John Brewer','wes@benchcraft.net','9704166458','9704028555','1326 Duff Dr','259901','Fort Collins','Benchcraft WoodWork','1700002','','',2,8,'2017-09-29 23:00:44','2017-10-11 01:27:10','CO'),(16,'Wesley Charles','Wsly_Charles@yahoo.com','3184619040','','190 Nelda Circle','71078','Stonewall','WC Trucking LLC','1700006','','',2,21,'2017-10-02 19:41:26','2017-10-12 17:29:50','LA'),(17,'Anna Beasley','abeasley13@gmail.com','9196396615','','921 Raleigh St','Angier','NC','Busy Bee Developmental Learning Center','1700007','','',2,10,'2017-10-05 18:51:25','2017-10-06 22:53:44','79885'),(18,'Charles Connelly','rsc85222@yahoo.com','5205181668','3236209342','1664 FLORENCE BLVD ','85122','CASA gRANDE','RSC Mechanical','1700008','','',6,1,'2017-10-06 00:07:40','2017-10-11 18:20:12','85122'),(19,'Chad Kovarik','actioncraft32@yahoo.com','2395747800','','830 NE 24th LN # C','373201','Cape Coral','C K Prime Investments INC','','','',2,8,'2017-10-07 00:14:56','2017-10-11 01:12:53','FL'),(20,'Michelle Miles','shellymiles9@yahoo.com','7062521478','','525 piedmont Highway','30125','CedarTown','Mile Fabrication INC','','','',2,17,'2017-10-07 00:55:14','2017-10-07 00:55:14','GA'),(21,'Deborah Moerland','debmoerland@gmail.com','5174832784','','4125 OKEMOS RD STE 24','48864','MI','First Light Home Care of Greater Lansing','1700009','','',2,1,'2017-10-11 20:07:55','2017-10-11 21:53:38','OKEMOS'),(24,'Alex Portugal','hello@hello.com','4561236547','','543645 LKJHLIJP','123456','NC','All Mines','','','All Mines',2,4,'2017-10-12 23:15:29','2017-10-12 23:15:29','NY'),(25,'Abhay Salunke','abhaysalunke@yahoo.com','5127732979','','9600 Pasatiempo Dr','78717','Austin','Moonrich LLC','','','',2,21,'2017-10-18 19:12:12','2017-10-18 19:12:12','TX'),(26,'Alcapone Foster','d1ems@aol.com','7136740403','','5001 Kash Ville Street','77028','Houston','1st Division EMS','1700012','','',2,1,'2017-10-18 19:43:35','2017-10-26 19:43:44','TX'),(27,'Peter Mccarthy','steps2solutions@gmail.com','5088401921','','102 Franklin Street','01901','Lynn','Steps to Solutions INC','','','',2,1,'2017-10-19 18:09:22','2017-10-19 18:09:22','MA'),(28,'John Des Rosiers','john@inovasi.us','8475307203','','28 E Center ave #LL','60044','Lake Bluff','Inovasi','1700009','','',2,1,'2017-10-19 19:41:11','2017-10-30 20:28:30','IL'),(29,'Oscar Morales','Eladiosdemolition@gmail.com','6199414224','','3005 IRIS AVE UNIT H','92173','SAN YSIDRO','Eladios Demolition','','','',2,1,'2017-10-20 18:35:27','2017-10-20 18:35:27','CA'),(30,'Lorin Croce','lorincroce@yahoo.com','8147495100','8142417443','628 PIKE RD','15909','Johnstown','Village of Nanty Glo','1700010','','',2,1,'2017-10-20 20:21:00','2017-10-30 22:15:57','PA'),(31,'Daniel Hocevar','diggerdanllc@gmail.com','2702503051','','2022 BULL RUN RD','42728','COLUMBIA','Digger Dan LLC','','','',2,1,'2017-10-23 18:11:36','2017-10-23 18:11:36','KY'),(32,'Carol Priester','rcrbt@lowcountry.com','8438662967','','3063 WILLOW SWAMP RD','29929','Islandton','RC Builders of Ashton','1700011','','',2,8,'2017-10-24 01:09:59','2017-10-24 21:46:24','SC');
/*!40000 ALTER TABLE `clients` ENABLE KEYS */;
UNLOCK TABLES;

--
-- Table structure for table `comments`
--

DROP TABLE IF EXISTS `comments`;
/*!40101 SET @saved_cs_client     = @@character_set_client */;
/*!40101 SET character_set_client = utf8 */;
CREATE TABLE `comments` (
  `id` int(10) unsigned NOT NULL AUTO_INCREMENT,
  `description` text COLLATE utf8_unicode_ci NOT NULL,
  `source_id` int(10) unsigned NOT NULL,
  `source_type` varchar(255) COLLATE utf8_unicode_ci NOT NULL,
  `user_id` int(10) unsigned NOT NULL,
  `created_at` timestamp NULL DEFAULT NULL,
  `updated_at` timestamp NULL DEFAULT NULL,
  PRIMARY KEY (`id`),
  KEY `comments_source_id_source_type_index` (`source_id`,`source_type`),
  KEY `comments_user_id_foreign` (`user_id`),
  CONSTRAINT `comments_user_id_foreign` FOREIGN KEY (`user_id`) REFERENCES `users` (`id`)
) ENGINE=InnoDB AUTO_INCREMENT=4 DEFAULT CHARSET=utf8 COLLATE=utf8_unicode_ci;
/*!40101 SET character_set_client = @saved_cs_client */;

--
-- Dumping data for table `comments`
--

LOCK TABLES `comments` WRITE;
/*!40000 ALTER TABLE `comments` DISABLE KEYS */;
INSERT INTO `comments` VALUES (1,'Rapid Advance $17,369 Defaulted 1 year ago Extreme hardship Program Enrollment 9/6 1p',3,'App\\Models\\Lead',2,'2017-09-05 20:21:51','2017-09-05 20:21:51'),(2,'Called 9/5 wanted to call me when readfy.',1,'App\\Models\\Lead',2,'2017-09-05 23:24:44','2017-09-05 23:24:44'),(3,'Call Monday 9',11,'App\\Models\\Lead',2,'2017-10-06 20:06:07','2017-10-06 20:06:07');
/*!40000 ALTER TABLE `comments` ENABLE KEYS */;
UNLOCK TABLES;

--
-- Table structure for table `debts`
--

DROP TABLE IF EXISTS `debts`;
/*!40101 SET @saved_cs_client     = @@character_set_client */;
/*!40101 SET character_set_client = utf8 */;
CREATE TABLE `debts` (
  `id` int(10) unsigned NOT NULL AUTO_INCREMENT,
  `title` varchar(255) COLLATE utf8_unicode_ci NOT NULL,
  `description` text COLLATE utf8_unicode_ci NOT NULL,
  `status` int(11) NOT NULL,
  `user_assigned_id` int(10) unsigned NOT NULL,
  `client_id` int(10) unsigned NOT NULL,
  `user_created_id` int(10) unsigned NOT NULL,
  `original_debt` text COLLATE utf8_unicode_ci NOT NULL,
  `program_length` int(11) NOT NULL,
  `repayment_percent` int(11) NOT NULL,
  `payment_date` text COLLATE utf8_unicode_ci NOT NULL,
  `enrollment_date` datetime NOT NULL,
  `first_payment_date` text COLLATE utf8_unicode_ci,
  `payment_sched_multiple` int(11) NOT NULL,
  `admin_fee_months` int(11) NOT NULL,
  `admin_fee_percent` int(11) NOT NULL,
  `service_fee_percent` int(11) NOT NULL,
  `payment_schedule` text COLLATE utf8_unicode_ci NOT NULL,
  `created_at` timestamp NULL DEFAULT NULL,
  `updated_at` timestamp NULL DEFAULT NULL,
  `agreementId` text COLLATE utf8_unicode_ci NOT NULL,
  `creditor_list` text COLLATE utf8_unicode_ci NOT NULL,
  `creditor_list_amt` text COLLATE utf8_unicode_ci NOT NULL,
  PRIMARY KEY (`id`),
  KEY `debts_user_assigned_id_foreign` (`user_assigned_id`),
  KEY `debts_client_id_foreign` (`client_id`),
  KEY `debts_user_created_id_foreign` (`user_created_id`),
  CONSTRAINT `debts_client_id_foreign` FOREIGN KEY (`client_id`) REFERENCES `clients` (`id`),
  CONSTRAINT `debts_user_assigned_id_foreign` FOREIGN KEY (`user_assigned_id`) REFERENCES `users` (`id`),
  CONSTRAINT `debts_user_created_id_foreign` FOREIGN KEY (`user_created_id`) REFERENCES `users` (`id`)
) ENGINE=InnoDB AUTO_INCREMENT=25 DEFAULT CHARSET=utf8 COLLATE=utf8_unicode_ci;
/*!40101 SET character_set_client = @saved_cs_client */;

--
-- Dumping data for table `debts`
--

LOCK TABLES `debts` WRITE;
/*!40000 ALTER TABLE `debts` DISABLE KEYS */;
INSERT INTO `debts` VALUES (1,'Man Lover','Lover of Man',1,2,7,2,'500000',24,50,'6w','2017-10-01 00:00:00','10/06/2017',2,5,10,35,'[[\"10/06/2017\",\"$8,072.92\",\"4166.67\",\"3906.25\"],[\"10/27/2017\",\"$8,072.92\",\"4166.67\",\"3906.25\"],[\"11/10/2017\",\"$8,072.92\",\"4166.67\",\"3906.25\"],[\"11/24/2017\",\"$8,072.92\",\"4166.67\",\"3906.25\"],[\"12/08/2017\",\"$8,072.92\",\"4166.67\",\"3906.25\"],[\"12/22/2017\",\"$8,072.92\",\"4166.67\",\"3906.25\"],[\"01/05/2018\",\"$8,072.92\",\"4166.67\",\"3906.25\"],[\"01/19/2018\",\"$8,072.92\",\"4166.67\",\"3906.25\"],[\"02/02/2018\",\"$8,072.92\",\"4166.67\",\"3906.25\"],[\"02/16/2018\",\"$8,072.92\",\"4166.67\",\"3906.25\"],[\"03/02/2018\",\"$5,381.94\",\"4166.67\",\"1215.27\"],[\"03/16/2018\",\"$5,381.94\",\"4166.63\",\"1215.31\"],[\"03/30/2018\",\"$5,381.94\",\"\",\"5381.94\"],[\"04/13/2018\",\"$8,072.92\",\"\",\"8072.92\"],[\"04/27/2018\",\"$8,072.92\",\"\",\"8072.92\"],[\"05/11/2018\",\"$8,072.92\",\"\",\"8072.92\"],[\"05/25/2018\",\"$8,072.92\",\"\",\"8072.92\"],[\"06/08/2018\",\"$8,072.92\",\"\",\"8072.92\"],[\"06/22/2018\",\"$8,072.92\",\"\",\"8072.92\"],[\"07/06/2018\",\"$8,072.92\",\"\",\"8072.92\"],[\"07/20/2018\",\"$8,072.92\",\"\",\"8072.92\"],[\"08/03/2018\",\"$5,381.94\",\"\",\"5381.94\"],[\"08/17/2018\",\"$5,381.94\",\"\",\"5381.94\"],[\"08/31/2018\",\"$5,381.94\",\"\",\"5381.94\"],[\"09/14/2018\",\"$8,072.92\",\"\",\"8072.92\"],[\"09/28/2018\",\"$8,072.92\",\"\",\"8072.92\"],[\"10/12/2018\",\"$8,072.92\",\"\",\"8072.92\"],[\"10/26/2018\",\"$8,072.92\",\"\",\"8072.92\"],[\"11/09/2018\",\"$8,072.92\",\"\",\"8072.92\"],[\"11/23/2018\",\"$8,072.92\",\"\",\"8072.92\"],[\"12/07/2018\",\"$8,072.92\",\"\",\"8072.92\"],[\"12/21/2018\",\"$8,072.92\",\"\",\"8072.92\"],[\"01/04/2019\",\"$8,072.92\",\"\",\"8072.92\"],[\"01/18/2019\",\"$8,072.92\",\"\",\"8072.92\"],[\"02/01/2019\",\"$8,072.92\",\"\",\"8072.92\"],[\"02/15/2019\",\"$8,072.92\",\"\",\"8072.92\"],[\"03/01/2019\",\"$5,381.94\",\"\",\"5381.94\"],[\"03/15/2019\",\"$5,381.94\",\"\",\"5381.94\"],[\"03/29/2019\",\"$5,381.94\",\"\",\"5381.94\"],[\"04/12/2019\",\"$8,072.92\",\"\",\"8072.92\"],[\"04/26/2019\",\"$8,072.92\",\"\",\"8072.92\"],[\"05/10/2019\",\"$8,072.92\",\"\",\"8072.92\"],[\"05/24/2019\",\"$8,072.92\",\"\",\"8072.92\"],[\"06/07/2019\",\"$8,072.92\",\"\",\"8072.92\"],[\"06/21/2019\",\"$8,072.92\",\"\",\"8072.92\"],[\"07/05/2019\",\"$8,072.92\",\"\",\"8072.92\"],[\"07/19/2019\",\"$8,072.92\",\"\",\"8072.92\"],[\"08/02/2019\",\"$5,381.94\",\"\",\"5381.94\"],[\"08/16/2019\",\"$5,381.94\",\"\",\"5381.94\"],[\"08/30/2019\",\"$5,381.94\",\"\",\"5381.94\"],[\"09/13/2019\",\"$8,072.92\",\"\",\"8072.92\"],[\"09/27/2019\",\"$8,072.92\",\"\",\"8072.92\"]]','2017-10-02 04:37:08','2017-10-02 04:41:13','3AAABLblqZhAsB7lgD87zoGtzHBT2SCyKiDs1DqdfsoZuZop9Uvv9DWF-Kiv_0RNjWpgmx0m2815U5RM63mhBAnXP50fj5SJF','Yellowstone','500000'),(2,'Monday ','Monday',1,2,10,2,'190000',12,50,'6w','2017-10-02 00:00:00','10/06/2017',2,3,10,35,'[[\"10/06/2017\",\"$6,135.42\",\"2714.29\",\"3421.13\"],[\"10/27/2017\",\"$6,135.42\",\"2714.29\",\"3421.13\"],[\"11/10/2017\",\"$6,135.42\",\"2714.29\",\"3421.13\"],[\"11/24/2017\",\"$6,135.42\",\"2714.29\",\"3421.13\"],[\"12/08/2017\",\"$6,135.42\",\"2714.29\",\"3421.13\"],[\"12/22/2017\",\"$6,135.42\",\"2714.29\",\"3421.13\"],[\"01/05/2018\",\"$6,135.42\",\"2714.26\",\"3421.16\"],[\"01/19/2018\",\"$6,135.42\",\"\",\"6135.42\"],[\"02/02/2018\",\"$6,135.42\",\"\",\"6135.42\"],[\"02/16/2018\",\"$6,135.42\",\"\",\"6135.42\"],[\"03/02/2018\",\"$4,090.28\",\"\",\"4090.28\"],[\"03/16/2018\",\"$4,090.28\",\"\",\"4090.28\"],[\"03/30/2018\",\"$4,090.28\",\"\",\"4090.28\"],[\"04/13/2018\",\"$6,135.42\",\"\",\"6135.42\"],[\"04/27/2018\",\"$6,135.42\",\"\",\"6135.42\"],[\"05/11/2018\",\"$6,135.42\",\"\",\"6135.42\"],[\"05/25/2018\",\"$6,135.42\",\"\",\"6135.42\"],[\"06/08/2018\",\"$6,135.42\",\"\",\"6135.42\"],[\"06/22/2018\",\"$6,135.42\",\"\",\"6135.42\"],[\"07/06/2018\",\"$6,135.42\",\"\",\"6135.42\"],[\"07/20/2018\",\"$6,135.42\",\"\",\"6135.42\"],[\"08/03/2018\",\"$4,090.28\",\"\",\"4090.28\"],[\"08/17/2018\",\"$4,090.28\",\"\",\"4090.28\"],[\"08/31/2018\",\"$4,090.28\",\"\",\"4090.28\"],[\"09/14/2018\",\"$6,135.42\",\"\",\"6135.42\"],[\"09/28/2018\",\"$6,135.42\",\"\",\"6135.42\"]]','2017-10-02 17:51:56','2017-10-02 18:37:56','3AAABLblqZhD1b-TxR0NLxTyrdfbncijvFAf8Bv-i6wAGNXS5OZf9tC0ZJ7N8W-RN2hVlNcnLDJ9TB9PAeCBeY1fmoWOP0yTD','Funding Circle','190,000'),(3,'Wesley Charles','',2,2,16,2,'94000',34,50,'2w','2017-10-27 00:00:00','10/06/2017',2,3,10,28,'[[\"10/06/2017\",\"$2,045.88\",\"1342.86\",\"703.02\"],[\"10/23/2017\",\"$2,045.88\",\"1342.86\",\"703.02\"],[\"11/06/2017\",\"$2,045.88\",\"1342.86\",\"703.02\"],[\"11/20/2017\",\"$2,045.88\",\"1342.86\",\"703.02\"],[\"12/04/2017\",\"$2,045.88\",\"1342.86\",\"703.02\"],[\"12/18/2017\",\"$2,045.88\",\"1342.86\",\"703.02\"],[\"01/01/2018\",\"$1,363.92\",\"1342.84\",\"21.08\"],[\"01/15/2018\",\"$1,363.92\",\"\",\"1363.92\"],[\"01/29/2018\",\"$1,363.92\",\"\",\"1363.92\"],[\"02/12/2018\",\"$2,045.88\",\"\",\"2045.88\"],[\"02/26/2018\",\"$2,045.88\",\"\",\"2045.88\"],[\"03/12/2018\",\"$2,045.88\",\"\",\"2045.88\"],[\"03/26/2018\",\"$2,045.88\",\"\",\"2045.88\"],[\"04/09/2018\",\"$2,045.88\",\"\",\"2045.88\"],[\"04/23/2018\",\"$2,045.88\",\"\",\"2045.88\"],[\"05/07/2018\",\"$2,045.88\",\"\",\"2045.88\"],[\"05/21/2018\",\"$2,045.88\",\"\",\"2045.88\"],[\"06/04/2018\",\"$2,045.88\",\"\",\"2045.88\"],[\"06/18/2018\",\"$2,045.88\",\"\",\"2045.88\"],[\"07/02/2018\",\"$1,363.92\",\"\",\"1363.92\"],[\"07/16/2018\",\"$1,363.92\",\"\",\"1363.92\"],[\"07/30/2018\",\"$1,363.92\",\"\",\"1363.92\"],[\"08/13/2018\",\"$2,045.88\",\"\",\"2045.88\"],[\"08/27/2018\",\"$2,045.88\",\"\",\"2045.88\"],[\"09/10/2018\",\"$2,045.88\",\"\",\"2045.88\"],[\"09/24/2018\",\"$2,045.88\",\"\",\"2045.88\"],[\"10/08/2018\",\"$2,045.88\",\"\",\"2045.88\"],[\"10/22/2018\",\"$2,045.88\",\"\",\"2045.88\"],[\"11/05/2018\",\"$2,045.88\",\"\",\"2045.88\"],[\"11/19/2018\",\"$2,045.88\",\"\",\"2045.88\"],[\"12/03/2018\",\"$1,363.92\",\"\",\"1363.92\"],[\"12/17/2018\",\"$1,363.92\",\"\",\"1363.92\"],[\"12/31/2018\",\"$1,363.92\",\"\",\"1363.92\"],[\"01/14/2019\",\"$2,045.88\",\"\",\"$2,045.88\"]]','2017-10-02 19:43:57','2017-10-28 01:28:34','3AAABLblqZhBVp2ElllFK8fN7WbwpLLX3Svb6ys9VxdZz8c2gc_Xa1Isk8joGbKeBfbcCxtXi-Sfk4givMpLZ78rYRVojEHMz','National Funding\r\nAccel Capital','$47,000\r\n$47,000'),(4,'tester','',1,2,8,5,'230000',12,50,'6w','2017-10-09 00:00:00','10/13/2017',2,3,10,20,'[[\"10/13/2017\",\"$6,708.33\",\"3285.71\",\"3422.62\"],[\"10/27/2017\",\"$13,416.67\",\"3285.71\",\"10130.96\"],[\"11/10/2017\",\"$6,708.33\",\"3285.71\",\"3422.62\"],[\"11/24/2017\",\"$6,708.33\",\"3285.71\",\"3422.62\"],[\"12/08/2017\",\"$6,708.33\",\"3285.71\",\"3422.62\"],[\"12/22/2017\",\"$6,708.33\",\"3285.71\",\"3422.62\"],[\"01/05/2018\",\"$6,708.33\",\"3285.74\",\"3422.59\"],[\"01/19/2018\",\"$6,708.33\",\"\",\"6708.33\"],[\"02/02/2018\",\"$6,708.33\",\"\",\"6708.33\"],[\"02/16/2018\",\"$6,708.33\",\"\",\"6708.33\"],[\"03/02/2018\",\"$4,472.22\",\"\",\"4472.22\"],[\"03/16/2018\",\"$4,472.22\",\"\",\"4472.22\"],[\"03/30/2018\",\"$4,472.22\",\"\",\"4472.22\"],[\"04/13/2018\",\"$6,708.33\",\"\",\"6708.33\"],[\"04/27/2018\",\"$6,708.33\",\"\",\"6708.33\"],[\"05/11/2018\",\"$6,708.33\",\"\",\"6708.33\"],[\"05/25/2018\",\"$6,708.33\",\"\",\"6708.33\"],[\"06/08/2018\",\"$6,708.33\",\"\",\"6708.33\"],[\"06/22/2018\",\"$6,708.33\",\"\",\"6708.33\"],[\"07/06/2018\",\"$6,708.33\",\"\",\"6708.33\"],[\"07/20/2018\",\"$6,708.33\",\"\",\"6708.33\"],[\"08/03/2018\",\"$4,472.22\",\"\",\"4472.22\"],[\"08/17/2018\",\"$4,472.22\",\"\",\"4472.22\"],[\"08/31/2018\",\"$4,472.22\",\"\",\"4472.22\"],[\"09/14/2018\",\"$6,708.33\",\"\",\"6708.33\"],[\"09/28/2018\",\"$6,708.33\",\"\",\"6708.33\"],[\"10/12/2018\",\"$6,708.33\",\"\",\"6708.33\"]]','2017-10-04 17:39:38','2017-10-09 22:27:50','3AAABLblqZhCPh7KqlfTqmtTkg6FkPp1I6LowEKRGODrJz0zJ5icgKBXzckrKwwCWxzuz-yrTmQ3MTOuiRhHy8b6ZzhwPoXM9','',''),(5,'KR Trading','',2,2,2,2,'100000',12,50,'6w','2017-10-04 00:00:00','10/06/2017',2,3,10,35,'[[\"10/06/2017\",\"$3,229.17\",\"1428.57\",\"1800.60\"],[\"10/27/2017\",\"$3,229.17\",\"1428.57\",\"1800.60\"],[\"11/10/2017\",\"$3,229.17\",\"1428.57\",\"1800.60\"],[\"11/24/2017\",\"$3,229.17\",\"1428.57\",\"1800.60\"],[\"12/08/2017\",\"$3,229.17\",\"1428.57\",\"1800.60\"],[\"12/22/2017\",\"$3,229.17\",\"1428.57\",\"1800.60\"],[\"01/05/2018\",\"$3,229.17\",\"1428.58\",\"1800.59\"],[\"01/19/2018\",\"$3,229.17\",\"\",\"3229.17\"],[\"02/02/2018\",\"$3,229.17\",\"\",\"3229.17\"],[\"02/16/2018\",\"$3,229.17\",\"\",\"3229.17\"],[\"03/02/2018\",\"$2,152.78\",\"\",\"2152.78\"],[\"03/16/2018\",\"$2,152.78\",\"\",\"2152.78\"],[\"03/30/2018\",\"$2,152.78\",\"\",\"2152.78\"],[\"04/13/2018\",\"$3,229.17\",\"\",\"3229.17\"],[\"04/27/2018\",\"$3,229.17\",\"\",\"3229.17\"],[\"05/11/2018\",\"$3,229.17\",\"\",\"3229.17\"],[\"05/25/2018\",\"$3,229.17\",\"\",\"3229.17\"],[\"06/08/2018\",\"$3,229.17\",\"\",\"3229.17\"],[\"06/22/2018\",\"$3,229.17\",\"\",\"3229.17\"],[\"07/06/2018\",\"$3,229.17\",\"\",\"3229.17\"],[\"07/20/2018\",\"$3,229.17\",\"\",\"3229.17\"],[\"08/03/2018\",\"$2,152.78\",\"\",\"2152.78\"],[\"08/17/2018\",\"$2,152.78\",\"\",\"2152.78\"],[\"08/31/2018\",\"$2,152.78\",\"\",\"2152.78\"],[\"09/14/2018\",\"$3,229.17\",\"\",\"3229.17\"],[\"09/28/2018\",\"$3,229.17\",\"\",\"3229.17\"]]','2017-10-04 18:31:06','2017-10-12 23:20:57','','CAN Capital','100000'),(6,'Busy Bee Developmental Learning Center','',2,2,17,2,'63000',12,50,'6w','2017-10-09 00:00:00','10/13/2017',2,3,10,30,'[[\"10/13/2017\",\"$1,968.75\",\"900.00\",\"1068.75\"],[\"10/27/2017\",\"$3,937.50\",\"900.00\",\"3037.50\"],[\"11/10/2017\",\"$1,968.75\",\"900.00\",\"1068.75\"],[\"11/24/2017\",\"$1,968.75\",\"900.00\",\"1068.75\"],[\"12/08/2017\",\"$1,968.75\",\"900.00\",\"1068.75\"],[\"12/22/2017\",\"$1,968.75\",\"900.00\",\"1068.75\"],[\"01/05/2018\",\"$1,968.75\",\"900.00\",\"1068.75\"],[\"01/19/2018\",\"$1,968.75\",\"\",\"1968.75\"],[\"02/02/2018\",\"$1,968.75\",\"\",\"1968.75\"],[\"02/16/2018\",\"$1,968.75\",\"\",\"1968.75\"],[\"03/02/2018\",\"$1,312.50\",\"\",\"1312.50\"],[\"03/16/2018\",\"$1,312.50\",\"\",\"1312.50\"],[\"03/30/2018\",\"$1,312.50\",\"\",\"1312.50\"],[\"04/13/2018\",\"$1,968.75\",\"\",\"1968.75\"],[\"04/27/2018\",\"$1,968.75\",\"\",\"1968.75\"],[\"05/11/2018\",\"$1,968.75\",\"\",\"1968.75\"],[\"05/25/2018\",\"$1,968.75\",\"\",\"1968.75\"],[\"06/08/2018\",\"$1,968.75\",\"\",\"1968.75\"],[\"06/22/2018\",\"$1,968.75\",\"\",\"1968.75\"],[\"07/06/2018\",\"$1,968.75\",\"\",\"1968.75\"],[\"07/20/2018\",\"$1,968.75\",\"\",\"1968.75\"],[\"08/03/2018\",\"$1,312.50\",\"\",\"1312.50\"],[\"08/17/2018\",\"$1,312.50\",\"\",\"1312.50\"],[\"08/31/2018\",\"$1,312.50\",\"\",\"1312.50\"],[\"09/14/2018\",\"$1,968.75\",\"\",\"1968.75\"],[\"09/28/2018\",\"$1,968.75\",\"\",\"1968.75\"],[\"10/12/2018\",\"$1,968.75\",\"\",\"1968.75\"]]','2017-10-05 18:57:31','2017-10-12 23:19:59','3AAABLblqZhDeKvLwa_4M7bRP3aAjcx_y-ythla2D1Bif_LJQiphWYR1-Ga9N6tFHjsssF5y0N1s6IpSGPI9NzxCnCBTADSp_','Yellowstone\r\nFund Kite\r\n1st Global Capital','20,000\r\n14,000\r\n29,000'),(7,'rsc mechanical ','',2,6,18,2,'9000',12,50,'4w','2017-10-10 00:00:00','11/01/2017',2,3,10,30,'[[\"11/01/2017\",\"$281.25\",\"128.57\",\"152.68\"],[\"11/22/2017\",\"$281.25\",\"128.57\",\"152.68\"],[\"12/06/2017\",\"$281.25\",\"128.57\",\"152.68\"],[\"12/20/2017\",\"$281.25\",\"128.57\",\"152.68\"],[\"01/03/2018\",\"$187.50\",\"128.57\",\"58.93\"],[\"01/17/2018\",\"$187.50\",\"128.57\",\"58.93\"],[\"01/31/2018\",\"$187.50\",\"128.58\",\"58.92\"],[\"02/14/2018\",\"$281.25\",\"\",\"281.25\"],[\"02/28/2018\",\"$281.25\",\"\",\"281.25\"],[\"03/14/2018\",\"$281.25\",\"\",\"281.25\"],[\"03/28/2018\",\"$281.25\",\"\",\"281.25\"],[\"04/11/2018\",\"$281.25\",\"\",\"281.25\"],[\"04/25/2018\",\"$281.25\",\"\",\"281.25\"],[\"05/09/2018\",\"$281.25\",\"\",\"281.25\"],[\"05/23/2018\",\"$281.25\",\"\",\"281.25\"],[\"06/06/2018\",\"$281.25\",\"\",\"281.25\"],[\"06/20/2018\",\"$281.25\",\"\",\"281.25\"],[\"07/04/2018\",\"$281.25\",\"\",\"281.25\"],[\"07/18/2018\",\"$281.25\",\"\",\"281.25\"],[\"08/01/2018\",\"$187.50\",\"\",\"187.50\"],[\"08/15/2018\",\"$187.50\",\"\",\"187.50\"],[\"08/29/2018\",\"$187.50\",\"\",\"187.50\"],[\"09/12/2018\",\"$281.25\",\"\",\"281.25\"],[\"09/26/2018\",\"$281.25\",\"\",\"281.25\"],[\"10/10/2018\",\"$281.25\",\"\",\"281.25\"],[\"10/24/2018\",\"$281.25\",\"\",\"281.25\"]]','2017-10-06 00:09:56','2017-10-12 23:20:23','3AAABLblqZhAQSqjDKI8qlCG3e2UpcLv005SfY-kpi3vL4RtYDZKei-HEauPsa4DK8djaaYzcnoHezn6N9FkQ4aYVjz3jGD_J','Rapid Advance','9000'),(8,'Vishaal Melwani','',1,2,3,2,'700000',24,50,'6w','2017-10-06 00:00:00','10/13/2017',2,3,10,30,'[[\"10/13/2017\",\"$10,937.50\",\"10000.00\",\"937.50\"],[\"10/27/2017\",\"$21,875.00\",\"10000.00\",\"11875.00\"],[\"11/10/2017\",\"$10,937.50\",\"10000.00\",\"937.50\"],[\"11/24/2017\",\"$10,937.50\",\"10000.00\",\"937.50\"],[\"12/08/2017\",\"$10,937.50\",\"10000.00\",\"937.50\"],[\"12/22/2017\",\"$10,937.50\",\"10000.00\",\"937.50\"],[\"01/05/2018\",\"$10,937.50\",\"10000.00\",\"937.50\"],[\"01/19/2018\",\"$10,937.50\",\"\",\"10937.50\"],[\"02/02/2018\",\"$10,937.50\",\"\",\"10937.50\"],[\"02/16/2018\",\"$10,937.50\",\"\",\"10937.50\"],[\"03/02/2018\",\"$7,291.67\",\"\",\"7291.67\"],[\"03/16/2018\",\"$7,291.67\",\"\",\"7291.67\"],[\"03/30/2018\",\"$7,291.67\",\"\",\"7291.67\"],[\"04/13/2018\",\"$10,937.50\",\"\",\"10937.50\"],[\"04/27/2018\",\"$10,937.50\",\"\",\"10937.50\"],[\"05/11/2018\",\"$10,937.50\",\"\",\"10937.50\"],[\"05/25/2018\",\"$10,937.50\",\"\",\"10937.50\"],[\"06/08/2018\",\"$10,937.50\",\"\",\"10937.50\"],[\"06/22/2018\",\"$10,937.50\",\"\",\"10937.50\"],[\"07/06/2018\",\"$10,937.50\",\"\",\"10937.50\"],[\"07/20/2018\",\"$10,937.50\",\"\",\"10937.50\"],[\"08/03/2018\",\"$7,291.67\",\"\",\"7291.67\"],[\"08/17/2018\",\"$7,291.67\",\"\",\"7291.67\"],[\"08/31/2018\",\"$7,291.67\",\"\",\"7291.67\"],[\"09/14/2018\",\"$10,937.50\",\"\",\"10937.50\"],[\"09/28/2018\",\"$10,937.50\",\"\",\"10937.50\"],[\"10/12/2018\",\"$10,937.50\",\"\",\"10937.50\"],[\"10/26/2018\",\"$10,937.50\",\"\",\"10937.50\"],[\"11/09/2018\",\"$10,937.50\",\"\",\"10937.50\"],[\"11/23/2018\",\"$10,937.50\",\"\",\"10937.50\"],[\"12/07/2018\",\"$10,937.50\",\"\",\"10937.50\"],[\"12/21/2018\",\"$10,937.50\",\"\",\"10937.50\"],[\"01/04/2019\",\"$10,937.50\",\"\",\"10937.50\"],[\"01/18/2019\",\"$10,937.50\",\"\",\"10937.50\"],[\"02/01/2019\",\"$10,937.50\",\"\",\"10937.50\"],[\"02/15/2019\",\"$10,937.50\",\"\",\"10937.50\"],[\"03/01/2019\",\"$7,291.67\",\"\",\"7291.67\"],[\"03/15/2019\",\"$7,291.67\",\"\",\"7291.67\"],[\"03/29/2019\",\"$7,291.67\",\"\",\"7291.67\"],[\"04/12/2019\",\"$10,937.50\",\"\",\"10937.50\"],[\"04/26/2019\",\"$10,937.50\",\"\",\"10937.50\"],[\"05/10/2019\",\"$10,937.50\",\"\",\"10937.50\"],[\"05/24/2019\",\"$10,937.50\",\"\",\"10937.50\"],[\"06/07/2019\",\"$10,937.50\",\"\",\"10937.50\"],[\"06/21/2019\",\"$10,937.50\",\"\",\"10937.50\"],[\"07/05/2019\",\"$10,937.50\",\"\",\"10937.50\"],[\"07/19/2019\",\"$10,937.50\",\"\",\"10937.50\"],[\"08/02/2019\",\"$7,291.67\",\"\",\"7291.67\"],[\"08/16/2019\",\"$7,291.67\",\"\",\"7291.67\"],[\"08/30/2019\",\"$7,291.67\",\"\",\"7291.67\"],[\"09/13/2019\",\"$10,937.50\",\"\",\"10937.50\"],[\"09/27/2019\",\"$10,937.50\",\"\",\"10937.50\"],[\"10/11/2019\",\"$10,937.50\",\"\",\"10937.50\"]]','2017-10-06 20:07:15','2017-10-06 20:07:15','','',''),(9,'Chad Kovarik','',1,2,19,2,'190000',12,50,'6w','2017-10-10 00:00:00','10/13/2017',2,3,10,30,'[[\"10/13/2017\",\"$5,937.50\",\"2714.29\",\"3223.21\"],[\"10/27/2017\",\"$11,875.00\",\"2714.29\",\"9160.71\"],[\"11/10/2017\",\"$5,937.50\",\"2714.29\",\"3223.21\"],[\"11/24/2017\",\"$5,937.50\",\"2714.29\",\"3223.21\"],[\"12/08/2017\",\"$5,937.50\",\"2714.29\",\"3223.21\"],[\"12/22/2017\",\"$5,937.50\",\"2714.29\",\"3223.21\"],[\"01/05/2018\",\"$5,937.50\",\"2714.26\",\"3223.24\"],[\"01/19/2018\",\"$5,937.50\",\"\",\"5937.50\"],[\"02/02/2018\",\"$5,937.50\",\"\",\"5937.50\"],[\"02/16/2018\",\"$5,937.50\",\"\",\"5937.50\"],[\"03/02/2018\",\"$3,958.33\",\"\",\"3958.33\"],[\"03/16/2018\",\"$3,958.33\",\"\",\"3958.33\"],[\"03/30/2018\",\"$3,958.33\",\"\",\"3958.33\"],[\"04/13/2018\",\"$5,937.50\",\"\",\"5937.50\"],[\"04/27/2018\",\"$5,937.50\",\"\",\"5937.50\"],[\"05/11/2018\",\"$5,937.50\",\"\",\"5937.50\"],[\"05/25/2018\",\"$5,937.50\",\"\",\"5937.50\"],[\"06/08/2018\",\"$5,937.50\",\"\",\"5937.50\"],[\"06/22/2018\",\"$5,937.50\",\"\",\"5937.50\"],[\"07/06/2018\",\"$5,937.50\",\"\",\"5937.50\"],[\"07/20/2018\",\"$5,937.50\",\"\",\"5937.50\"],[\"08/03/2018\",\"$3,958.33\",\"\",\"3958.33\"],[\"08/17/2018\",\"$3,958.33\",\"\",\"3958.33\"],[\"08/31/2018\",\"$3,958.33\",\"\",\"3958.33\"],[\"09/14/2018\",\"$5,937.50\",\"\",\"5937.50\"],[\"09/28/2018\",\"$5,937.50\",\"\",\"5937.50\"],[\"10/12/2018\",\"$5,937.50\",\"\",\"5937.50\"]]','2017-10-07 00:17:10','2017-10-11 01:15:42','3AAABLblqZhAXjRNep_44aqBqz0PcvA_gIS9wfhpynbRBG4T2QgtCraYByTJ3RWiJX1365Vdrt3pWuftaj94fkhxN84LaySLY','Funding Circle','190,000'),(10,'Michelle Miles','',1,2,20,2,'89000',12,50,'5w','2017-10-06 00:00:00','10/12/2017',2,3,10,30,'[[\"10/12/2017\",\"$2,781.25\",\"1271.43\",\"1509.82\"],[\"10/26/2017\",\"$5,562.50\",\"1271.43\",\"4291.07\"],[\"11/09/2017\",\"$2,781.25\",\"1271.43\",\"1509.82\"],[\"11/23/2017\",\"$2,781.25\",\"1271.43\",\"1509.82\"],[\"12/07/2017\",\"$2,781.25\",\"1271.43\",\"1509.82\"],[\"12/21/2017\",\"$2,781.25\",\"1271.43\",\"1509.82\"],[\"01/04/2018\",\"$2,781.25\",\"1271.42\",\"1509.83\"],[\"01/18/2018\",\"$2,781.25\",\"\",\"2781.25\"],[\"02/01/2018\",\"$2,781.25\",\"\",\"2781.25\"],[\"02/15/2018\",\"$2,781.25\",\"\",\"2781.25\"],[\"03/01/2018\",\"$1,854.17\",\"\",\"1854.17\"],[\"03/15/2018\",\"$1,854.17\",\"\",\"1854.17\"],[\"03/29/2018\",\"$1,854.17\",\"\",\"1854.17\"],[\"04/12/2018\",\"$2,781.25\",\"\",\"2781.25\"],[\"04/26/2018\",\"$2,781.25\",\"\",\"2781.25\"],[\"05/10/2018\",\"$2,781.25\",\"\",\"2781.25\"],[\"05/24/2018\",\"$2,781.25\",\"\",\"2781.25\"],[\"06/07/2018\",\"$2,781.25\",\"\",\"2781.25\"],[\"06/21/2018\",\"$2,781.25\",\"\",\"2781.25\"],[\"07/05/2018\",\"$2,781.25\",\"\",\"2781.25\"],[\"07/19/2018\",\"$2,781.25\",\"\",\"2781.25\"],[\"08/02/2018\",\"$1,854.17\",\"\",\"1854.17\"],[\"08/16/2018\",\"$1,854.17\",\"\",\"1854.17\"],[\"08/30/2018\",\"$1,854.17\",\"\",\"1854.17\"],[\"09/13/2018\",\"$2,781.25\",\"\",\"2781.25\"],[\"09/27/2018\",\"$2,781.25\",\"\",\"2781.25\"],[\"10/11/2018\",\"$2,781.25\",\"\",\"2781.25\"]]','2017-10-07 01:13:39','2017-10-07 01:13:39','','Global One Capital','$89,000'),(11,'Go','',1,2,10,2,'500000',12,50,'6w','2017-10-09 00:00:00','10/13/2017',2,3,10,28,'[[\"10/13/2017\",\"$15,416.67\",\"7142.86\",\"8273.81\"],[\"10/27/2017\",\"$30,833.33\",\"7142.86\",\"23690.47\"],[\"11/10/2017\",\"$15,416.67\",\"7142.86\",\"8273.81\"],[\"11/24/2017\",\"$15,416.67\",\"7142.86\",\"8273.81\"],[\"12/08/2017\",\"$15,416.67\",\"7142.86\",\"8273.81\"],[\"12/22/2017\",\"$15,416.67\",\"7142.86\",\"8273.81\"],[\"01/05/2018\",\"$15,416.67\",\"7142.84\",\"8273.83\"],[\"01/19/2018\",\"$15,416.67\",\"\",\"15416.67\"],[\"02/02/2018\",\"$15,416.67\",\"\",\"15416.67\"],[\"02/16/2018\",\"$15,416.67\",\"\",\"15416.67\"],[\"03/02/2018\",\"$10,277.78\",\"\",\"10277.78\"],[\"03/16/2018\",\"$10,277.78\",\"\",\"10277.78\"],[\"03/30/2018\",\"$10,277.78\",\"\",\"10277.78\"],[\"04/13/2018\",\"$15,416.67\",\"\",\"15416.67\"],[\"04/27/2018\",\"$15,416.67\",\"\",\"15416.67\"],[\"05/11/2018\",\"$15,416.67\",\"\",\"15416.67\"],[\"05/25/2018\",\"$15,416.67\",\"\",\"15416.67\"],[\"06/08/2018\",\"$15,416.67\",\"\",\"15416.67\"],[\"06/22/2018\",\"$15,416.67\",\"\",\"15416.67\"],[\"07/06/2018\",\"$15,416.67\",\"\",\"15416.67\"],[\"07/20/2018\",\"$15,416.67\",\"\",\"15416.67\"],[\"08/03/2018\",\"$10,277.78\",\"\",\"10277.78\"],[\"08/17/2018\",\"$10,277.78\",\"\",\"10277.78\"],[\"08/31/2018\",\"$10,277.78\",\"\",\"10277.78\"],[\"09/14/2018\",\"$15,416.67\",\"\",\"15416.67\"],[\"09/28/2018\",\"$15,416.67\",\"\",\"15416.67\"],[\"10/12/2018\",\"$15,416.67\",\"\",\"15416.67\"]]','2017-10-09 22:43:09','2017-10-09 22:43:43','3AAABLblqZhBevaidqBRnPOWtbuhqED0kUrrJ_qiacCWZP3y-cK9HMDjOuO0i17GlvL448B-sVXd66wQVyl7qBE0ixPAQ5Ihw','',''),(12,'William Schereck','',2,2,14,2,'24000',12,50,'2w','2017-10-10 00:00:00','10/02/2017',2,3,10,30,'[[\"10/02/2017\",\"$750.00\",\"342.86\",\"407.14\"],[\"10/23/2017\",\"$750.00\",\"342.86\",\"407.14\"],[\"11/06/2017\",\"$750.00\",\"342.86\",\"407.14\"],[\"11/20/2017\",\"$750.00\",\"342.86\",\"407.14\"],[\"12/04/2017\",\"$750.00\",\"342.86\",\"407.14\"],[\"12/18/2017\",\"$750.00\",\"342.86\",\"407.14\"],[\"01/01/2018\",\"$500.00\",\"342.84\",\"157.16\"],[\"01/15/2018\",\"$500.00\",\"\",\"500.00\"],[\"01/29/2018\",\"$500.00\",\"\",\"500.00\"],[\"02/12/2018\",\"$750.00\",\"\",\"750.00\"],[\"02/26/2018\",\"$750.00\",\"\",\"750.00\"],[\"03/12/2018\",\"$750.00\",\"\",\"750.00\"],[\"03/26/2018\",\"$750.00\",\"\",\"750.00\"],[\"04/09/2018\",\"$750.00\",\"\",\"750.00\"],[\"04/23/2018\",\"$750.00\",\"\",\"750.00\"],[\"05/07/2018\",\"$750.00\",\"\",\"750.00\"],[\"05/21/2018\",\"$750.00\",\"\",\"750.00\"],[\"06/04/2018\",\"$750.00\",\"\",\"750.00\"],[\"06/18/2018\",\"$750.00\",\"\",\"750.00\"],[\"07/02/2018\",\"$500.00\",\"\",\"500.00\"],[\"07/16/2018\",\"$500.00\",\"\",\"500.00\"],[\"07/30/2018\",\"$500.00\",\"\",\"500.00\"],[\"08/13/2018\",\"$750.00\",\"\",\"750.00\"],[\"08/27/2018\",\"$750.00\",\"\",\"750.00\"],[\"09/10/2018\",\"$750.00\",\"\",\"750.00\"],[\"09/24/2018\",\"$750.00\",\"\",\"750.00\"]]','2017-10-10 23:59:37','2017-10-13 19:22:03','3AAABLblqZhDnnGFEm_hnvW1u6i2HFsD3M-HcFXkPE7tufinwetglnuhdHlyGNMV3-cRk1yzCsmFhmMXFM9Qecn-RhkBgKIUp','New Era\r\n\r\nFora Financial\r\n\r\nYellowstone','$5,300.00\r\n\r\n$14,000.00\r\n\r\n$4,600.00'),(13,'Deborah Moerland','',1,2,21,2,'51700',12,50,'6w','2017-10-11 00:00:00','10/13/2017',2,3,10,35,'[[\"10/13/2017\",\"$1,669.48\",\"738.57\",\"930.91\"],[\"10/27/2017\",\"$3,338.96\",\"738.57\",\"2600.39\"],[\"11/10/2017\",\"$1,669.48\",\"738.57\",\"930.91\"],[\"11/24/2017\",\"$1,669.48\",\"738.57\",\"930.91\"],[\"12/08/2017\",\"$1,669.48\",\"738.57\",\"930.91\"],[\"12/22/2017\",\"$1,669.48\",\"738.57\",\"930.91\"],[\"01/05/2018\",\"$1,669.48\",\"738.58\",\"930.90\"],[\"01/19/2018\",\"$1,669.48\",\"\",\"1669.48\"],[\"02/02/2018\",\"$1,669.48\",\"\",\"1669.48\"],[\"02/16/2018\",\"$1,669.48\",\"\",\"1669.48\"],[\"03/02/2018\",\"$1,112.99\",\"\",\"1112.99\"],[\"03/16/2018\",\"$1,112.99\",\"\",\"1112.99\"],[\"03/30/2018\",\"$1,112.99\",\"\",\"1112.99\"],[\"04/13/2018\",\"$1,669.48\",\"\",\"1669.48\"],[\"04/27/2018\",\"$1,669.48\",\"\",\"1669.48\"],[\"05/11/2018\",\"$1,669.48\",\"\",\"1669.48\"],[\"05/25/2018\",\"$1,669.48\",\"\",\"1669.48\"],[\"06/08/2018\",\"$1,669.48\",\"\",\"1669.48\"],[\"06/22/2018\",\"$1,669.48\",\"\",\"1669.48\"],[\"07/06/2018\",\"$1,669.48\",\"\",\"1669.48\"],[\"07/20/2018\",\"$1,669.48\",\"\",\"1669.48\"],[\"08/03/2018\",\"$1,112.99\",\"\",\"1112.99\"],[\"08/17/2018\",\"$1,112.99\",\"\",\"1112.99\"],[\"08/31/2018\",\"$1,112.99\",\"\",\"1112.99\"],[\"09/14/2018\",\"$1,669.48\",\"\",\"1669.48\"],[\"09/28/2018\",\"$1,669.48\",\"\",\"1669.48\"],[\"10/12/2018\",\"$1,669.48\",\"\",\"1669.48\"]]','2017-10-11 20:10:40','2017-10-11 20:19:08','3AAABLblqZhBZqVEC1e-DnB4QMUdoJZhHe4sgtgtojD6zqA4EveSsiEaqTg_Ng3LcNofjA_nJytjr3KBywfatpqsFZSobotM-','Quick Bridge\r\n\r\nNational Funding','$35,700\r\n\r\n$16,000'),(14,'All Mine','',2,2,24,2,'50000',12,50,'6w','2017-10-12 00:00:00','10/13/2017',2,3,10,35,'[[\"10/13/2017\",\"$1,614.58\",\"714.29\",\"900.29\"],[\"10/27/2017\",\"$3,229.17\",\"714.29\",\"2514.88\"],[\"11/10/2017\",\"$1,614.58\",\"714.29\",\"900.29\"],[\"11/24/2017\",\"$1,614.58\",\"714.29\",\"900.29\"],[\"12/08/2017\",\"$1,614.58\",\"714.29\",\"900.29\"],[\"12/22/2017\",\"$1,614.58\",\"714.29\",\"900.29\"],[\"01/05/2018\",\"$1,614.58\",\"714.26\",\"900.32\"],[\"01/19/2018\",\"$1,614.58\",\"\",\"1614.58\"],[\"02/02/2018\",\"$1,614.58\",\"\",\"1614.58\"],[\"02/16/2018\",\"$1,614.58\",\"\",\"1614.58\"],[\"03/02/2018\",\"$1,076.39\",\"\",\"1076.39\"],[\"03/16/2018\",\"$1,076.39\",\"\",\"1076.39\"],[\"03/30/2018\",\"$1,076.39\",\"\",\"1076.39\"],[\"04/13/2018\",\"$1,614.58\",\"\",\"1614.58\"],[\"04/27/2018\",\"$1,614.58\",\"\",\"1614.58\"],[\"05/11/2018\",\"$1,614.58\",\"\",\"1614.58\"],[\"05/25/2018\",\"$1,614.58\",\"\",\"1614.58\"],[\"06/08/2018\",\"$1,614.58\",\"\",\"1614.58\"],[\"06/22/2018\",\"$1,614.58\",\"\",\"1614.58\"],[\"07/06/2018\",\"$1,614.58\",\"\",\"1614.58\"],[\"07/20/2018\",\"$1,614.58\",\"\",\"1614.58\"],[\"08/03/2018\",\"$1,076.39\",\"\",\"1076.39\"],[\"08/17/2018\",\"$1,076.39\",\"\",\"1076.39\"],[\"08/31/2018\",\"$1,076.39\",\"\",\"1076.39\"],[\"09/14/2018\",\"$1,614.58\",\"\",\"1614.58\"],[\"09/28/2018\",\"$1,614.58\",\"\",\"1614.58\"],[\"10/12/2018\",\"$1,614.58\",\"\",\"1614.58\"]]','2017-10-12 23:17:17','2017-10-12 23:17:47','','dhfsthn','684687968'),(15,'Bench Craft Custom Wood Work','',2,2,15,2,'230000',12,50,'6w','2017-10-12 00:00:00','09/26/2017',2,3,10,35,'[[\"09/26/2017\",\"$7,427.08\",\"3285.71\",\"4141.37\"],[\"10/13/2017\",\"$7,427.08\",\"3285.71\",\"4141.37\"],[\"10/27/2017\",\"$7,427.08\",\"3285.71\",\"4141.37\"],[\"11/10/2017\",\"$7,427.08\",\"3285.71\",\"4141.37\"],[\"11/24/2017\",\"$7,427.08\",\"3285.71\",\"4141.37\"],[\"12/08/2017\",\"$7,427.08\",\"3285.71\",\"4141.37\"],[\"12/22/2017\",\"$7,427.08\",\"3285.74\",\"4141.34\"],[\"01/05/2018\",\"$7,427.08\",\"\",\"7427.08\"],[\"01/19/2018\",\"$7,427.08\",\"\",\"7427.08\"],[\"02/02/2018\",\"$7,427.08\",\"\",\"7427.08\"],[\"02/16/2018\",\"$7,427.08\",\"\",\"7427.08\"],[\"03/02/2018\",\"$4,951.39\",\"\",\"4951.39\"],[\"03/16/2018\",\"$4,951.39\",\"\",\"4951.39\"],[\"03/30/2018\",\"$4,951.39\",\"\",\"4951.39\"],[\"04/13/2018\",\"$7,427.08\",\"\",\"7427.08\"],[\"04/27/2018\",\"$7,427.08\",\"\",\"7427.08\"],[\"05/11/2018\",\"$7,427.08\",\"\",\"7427.08\"],[\"05/25/2018\",\"$7,427.08\",\"\",\"7427.08\"],[\"06/08/2018\",\"$7,427.08\",\"\",\"7427.08\"],[\"06/22/2018\",\"$7,427.08\",\"\",\"7427.08\"],[\"07/06/2018\",\"$7,427.08\",\"\",\"7427.08\"],[\"07/20/2018\",\"$7,427.08\",\"\",\"7427.08\"],[\"08/03/2018\",\"$4,951.39\",\"\",\"4951.39\"],[\"08/17/2018\",\"$4,951.39\",\"\",\"4951.39\"],[\"08/31/2018\",\"$4,951.39\",\"\",\"4951.39\"],[\"09/14/2018\",\"$7,427.08\",\"\",\"7427.08\"]]','2017-10-12 23:24:40','2017-10-12 23:24:45','','On Deck','230000'),(16,'Moonarh LLC','',1,2,25,2,'20000',9,50,'6w','2017-10-18 00:00:00','10/20/2017',2,3,10,30,'[[\"10/20/2017\",\"$1,666.67\",\"285.71\",\"1380.96\"],[\"11/10/2017\",\"$833.33\",\"285.71\",\"547.62\"],[\"11/24/2017\",\"$833.33\",\"285.71\",\"547.62\"],[\"12/08/2017\",\"$833.33\",\"285.71\",\"547.62\"],[\"12/22/2017\",\"$833.33\",\"285.71\",\"547.62\"],[\"01/05/2018\",\"$833.33\",\"285.71\",\"547.62\"],[\"01/19/2018\",\"$833.33\",\"285.74\",\"547.59\"],[\"02/02/2018\",\"$833.33\",\"\",\"833.33\"],[\"02/16/2018\",\"$833.33\",\"\",\"833.33\"],[\"03/02/2018\",\"$555.56\",\"\",\"555.56\"],[\"03/16/2018\",\"$555.56\",\"\",\"555.56\"],[\"03/30/2018\",\"$555.56\",\"\",\"555.56\"],[\"04/13/2018\",\"$833.33\",\"\",\"833.33\"],[\"04/27/2018\",\"$833.33\",\"\",\"833.33\"],[\"05/11/2018\",\"$833.33\",\"\",\"833.33\"],[\"05/25/2018\",\"$833.33\",\"\",\"833.33\"],[\"06/08/2018\",\"$833.33\",\"\",\"833.33\"],[\"06/22/2018\",\"$833.33\",\"\",\"833.33\"],[\"07/06/2018\",\"$833.33\",\"\",\"833.33\"],[\"07/20/2018\",\"$833.33\",\"\",\"833.33\"]]','2017-10-18 19:13:51','2017-10-18 19:13:51','','Biz 2 Credit','20,000'),(17,'Alcapone Foster','',1,2,26,2,'26000',10,50,'5w','2017-10-18 00:00:00','10/26/2017',2,3,10,35,'[[\"10/26/2017\",\"$2,015.00\",\"371.43\",\"1643.57\"],[\"11/09/2017\",\"$1,007.50\",\"371.43\",\"636.07\"],[\"11/23/2017\",\"$1,007.50\",\"371.43\",\"636.07\"],[\"12/07/2017\",\"$1,007.50\",\"371.43\",\"636.07\"],[\"12/21/2017\",\"$1,007.50\",\"371.43\",\"636.07\"],[\"01/04/2018\",\"$1,007.50\",\"371.43\",\"636.07\"],[\"01/18/2018\",\"$1,007.50\",\"371.42\",\"636.08\"],[\"02/01/2018\",\"$1,007.50\",\"\",\"1007.50\"],[\"02/15/2018\",\"$1,007.50\",\"\",\"1007.50\"],[\"03/01/2018\",\"$671.67\",\"\",\"671.67\"],[\"03/15/2018\",\"$671.67\",\"\",\"671.67\"],[\"03/29/2018\",\"$671.67\",\"\",\"671.67\"],[\"04/12/2018\",\"$1,007.50\",\"\",\"1007.50\"],[\"04/26/2018\",\"$1,007.50\",\"\",\"1007.50\"],[\"05/10/2018\",\"$1,007.50\",\"\",\"1007.50\"],[\"05/24/2018\",\"$1,007.50\",\"\",\"1007.50\"],[\"06/07/2018\",\"$1,007.50\",\"\",\"1007.50\"],[\"06/21/2018\",\"$1,007.50\",\"\",\"1007.50\"],[\"07/05/2018\",\"$1,007.50\",\"\",\"1007.50\"],[\"07/19/2018\",\"$1,007.50\",\"\",\"1007.50\"],[\"08/02/2018\",\"$1,007.50\",\"\",\"1007.50\"],[\"08/16/2018\",\"$1,007.50\",\"\",\"1007.50\"]]','2017-10-18 21:38:42','2017-10-26 18:59:25','3AAABLblqZhDJ3mpVGisDN3HVdw8Bo6l97ai9IQ1Gr4k3XfVm5tcN5yRRryf0BK7fDCuSksIOWWtYlNk4EYRDivq2obd2QGJI','Circle Funding Group\r\n\r\nYellowstone','$12,000.00\r\n\r\n$14,000.00'),(18,'Peter Mccarthy','',1,2,27,2,'52000',16,50,'2w','2017-10-19 00:00:00','10/23/2017',2,3,10,30,'[[\"10/23/2017\",\"$2,437.50\",\"742.86\",\"1694.64\"],[\"11/06/2017\",\"$1,218.75\",\"742.86\",\"475.89\"],[\"11/20/2017\",\"$1,218.75\",\"742.86\",\"475.89\"],[\"12/04/2017\",\"$1,218.75\",\"742.86\",\"475.89\"],[\"12/18/2017\",\"$1,218.75\",\"742.86\",\"475.89\"],[\"01/01/2018\",\"$812.50\",\"742.86\",\"69.64\"],[\"01/15/2018\",\"$812.50\",\"742.84\",\"69.66\"],[\"01/29/2018\",\"$812.50\",\"\",\"812.50\"],[\"02/12/2018\",\"$1,218.75\",\"\",\"1218.75\"],[\"02/26/2018\",\"$1,218.75\",\"\",\"1218.75\"],[\"03/12/2018\",\"$1,218.75\",\"\",\"1218.75\"],[\"03/26/2018\",\"$1,218.75\",\"\",\"1218.75\"],[\"04/09/2018\",\"$1,218.75\",\"\",\"1218.75\"],[\"04/23/2018\",\"$1,218.75\",\"\",\"1218.75\"],[\"05/07/2018\",\"$1,218.75\",\"\",\"1218.75\"],[\"05/21/2018\",\"$1,218.75\",\"\",\"1218.75\"],[\"06/04/2018\",\"$1,218.75\",\"\",\"1218.75\"],[\"06/18/2018\",\"$1,218.75\",\"\",\"1218.75\"],[\"07/02/2018\",\"$812.50\",\"\",\"812.50\"],[\"07/16/2018\",\"$812.50\",\"\",\"812.50\"],[\"07/30/2018\",\"$812.50\",\"\",\"812.50\"],[\"08/13/2018\",\"$1,218.75\",\"\",\"1218.75\"],[\"08/27/2018\",\"$1,218.75\",\"\",\"1218.75\"],[\"09/10/2018\",\"$1,218.75\",\"\",\"1218.75\"],[\"09/24/2018\",\"$1,218.75\",\"\",\"1218.75\"],[\"10/08/2018\",\"$1,218.75\",\"\",\"1218.75\"],[\"10/22/2018\",\"$1,218.75\",\"\",\"1218.75\"],[\"11/05/2018\",\"$1,218.75\",\"\",\"1218.75\"],[\"11/19/2018\",\"$1,218.75\",\"\",\"1218.75\"],[\"12/03/2018\",\"$812.50\",\"\",\"812.50\"],[\"12/17/2018\",\"$812.50\",\"\",\"812.50\"],[\"12/31/2018\",\"$812.50\",\"\",\"812.50\"],[\"01/14/2019\",\"$1,218.75\",\"\",\"1218.75\"],[\"01/28/2019\",\"$1,218.75\",\"\",\"1218.75\"],[\"02/11/2019\",\"$1,114.29\",\"\",\"$1,114.29\"]]','2017-10-19 18:11:27','2017-10-19 18:15:46','3AAABLblqZhDWMF_FZvGU4B9UoupgOpDBzoWSb0UpwBLzNQ9LOPbp5FCotTl68sv0HgNVFmqqatYXxs-cpBKUyFkhpPOc0i50','Rapid Advance','$52,000'),(19,'John Des Rosiers','',1,2,28,2,'261413',24,50,'6w','2017-10-19 00:00:00','10/27/2017',2,6,10,29,'[[\"10/27/2017\",\"$2,704.90\",\"2010.87\",\"694.03\"],[\"11/10/2017\",\"$4,057.35\",\"2010.87\",\"2046.48\"],[\"11/24/2017\",\"$4,057.35\",\"2010.87\",\"2046.48\"],[\"12/08/2017\",\"$4,057.35\",\"2010.87\",\"2046.48\"],[\"12/22/2017\",\"$4,057.35\",\"2010.87\",\"2046.48\"],[\"01/05/2018\",\"$4,057.35\",\"2010.87\",\"2046.48\"],[\"01/19/2018\",\"$4,057.35\",\"2010.87\",\"2046.48\"],[\"02/02/2018\",\"$4,057.35\",\"2010.87\",\"2046.48\"],[\"02/16/2018\",\"$4,057.35\",\"2010.87\",\"2046.48\"],[\"03/02/2018\",\"$2,704.90\",\"2010.87\",\"694.03\"],[\"03/16/2018\",\"$2,704.90\",\"2010.87\",\"694.03\"],[\"03/30/2018\",\"$2,704.90\",\"2010.87\",\"694.03\"],[\"04/13/2018\",\"$4,057.35\",\"2010.86\",\"2046.49\"],[\"04/27/2018\",\"$4,057.35\",\"\",\"4057.35\"],[\"05/11/2018\",\"$4,057.35\",\"\",\"4057.35\"],[\"05/25/2018\",\"$4,057.35\",\"\",\"4057.35\"],[\"06/08/2018\",\"$4,057.35\",\"\",\"4057.35\"],[\"06/22/2018\",\"$4,057.35\",\"\",\"4057.35\"],[\"07/06/2018\",\"$4,057.35\",\"\",\"4057.35\"],[\"07/20/2018\",\"$4,057.35\",\"\",\"4057.35\"],[\"08/03/2018\",\"$2,704.90\",\"\",\"2704.90\"],[\"08/17/2018\",\"$2,704.90\",\"\",\"2704.90\"],[\"08/31/2018\",\"$2,704.90\",\"\",\"2704.90\"],[\"09/14/2018\",\"$4,057.35\",\"\",\"4057.35\"],[\"09/28/2018\",\"$4,057.35\",\"\",\"4057.35\"],[\"10/12/2018\",\"$4,057.35\",\"\",\"4057.35\"],[\"10/26/2018\",\"$4,057.35\",\"\",\"4057.35\"],[\"11/09/2018\",\"$4,057.35\",\"\",\"4057.35\"],[\"11/23/2018\",\"$4,057.35\",\"\",\"4057.35\"],[\"12/07/2018\",\"$4,057.35\",\"\",\"4057.35\"],[\"12/21/2018\",\"$4,057.35\",\"\",\"4057.35\"],[\"01/04/2019\",\"$4,057.35\",\"\",\"4057.35\"],[\"01/18/2019\",\"$4,057.35\",\"\",\"4057.35\"],[\"02/01/2019\",\"$4,057.35\",\"\",\"4057.35\"],[\"02/15/2019\",\"$4,057.35\",\"\",\"4057.35\"],[\"03/01/2019\",\"$2,704.90\",\"\",\"2704.90\"],[\"03/15/2019\",\"$2,704.90\",\"\",\"2704.90\"],[\"03/29/2019\",\"$2,704.90\",\"\",\"2704.90\"],[\"04/12/2019\",\"$4,057.35\",\"\",\"4057.35\"],[\"04/26/2019\",\"$4,057.35\",\"\",\"4057.35\"],[\"05/10/2019\",\"$4,057.35\",\"\",\"4057.35\"],[\"05/24/2019\",\"$4,057.35\",\"\",\"4057.35\"],[\"06/07/2019\",\"$4,057.35\",\"\",\"4057.35\"],[\"06/21/2019\",\"$4,057.35\",\"\",\"4057.35\"],[\"07/05/2019\",\"$4,057.35\",\"\",\"4057.35\"],[\"07/19/2019\",\"$4,057.35\",\"\",\"4057.35\"],[\"08/02/2019\",\"$2,704.90\",\"\",\"2704.90\"],[\"08/16/2019\",\"$2,704.90\",\"\",\"2704.90\"],[\"08/30/2019\",\"$2,704.90\",\"\",\"2704.90\"],[\"09/13/2019\",\"$4,057.35\",\"\",\"4057.35\"],[\"09/27/2019\",\"$4,057.35\",\"\",\"4057.35\"],[\"10/11/2019\",\"$2,704.90\",\"\",\"2704.90\"],[\"10/25/2019\",\"$2,704.90\",\"\",\"2704.90\"]]','2017-10-19 20:22:20','2017-10-19 21:48:08','3AAABLblqZhDUUcJYxASK8q-EtvHPdbDYuAIqBaxvqxEPyUK23tQGfPZBCdd0zlz4yusn40vcre6ZRWQLbyN81AWZxZHnZxIR','EBF\r\nMCS\r\nBolstr\r\nKings Cash',''),(20,'Oscar Moarles','',1,2,29,2,'14000',12,50,'6w','2017-10-20 00:00:00','11/03/2017',2,3,10,30,'[[\"11/03/2017\",\"$437.50\",\"200.00\",\"237.50\"],[\"11/24/2017\",\"$437.50\",\"200.00\",\"237.50\"],[\"12/08/2017\",\"$437.50\",\"200.00\",\"237.50\"],[\"12/22/2017\",\"$437.50\",\"200.00\",\"237.50\"],[\"01/05/2018\",\"$437.50\",\"200.00\",\"237.50\"],[\"01/19/2018\",\"$437.50\",\"200.00\",\"237.50\"],[\"02/02/2018\",\"$437.50\",\"200.00\",\"237.50\"],[\"02/16/2018\",\"$437.50\",\"\",\"437.50\"],[\"03/02/2018\",\"$291.67\",\"\",\"291.67\"],[\"03/16/2018\",\"$291.67\",\"\",\"291.67\"],[\"03/30/2018\",\"$291.67\",\"\",\"291.67\"],[\"04/13/2018\",\"$437.50\",\"\",\"437.50\"],[\"04/27/2018\",\"$437.50\",\"\",\"437.50\"],[\"05/11/2018\",\"$437.50\",\"\",\"437.50\"],[\"05/25/2018\",\"$437.50\",\"\",\"437.50\"],[\"06/08/2018\",\"$437.50\",\"\",\"437.50\"],[\"06/22/2018\",\"$437.50\",\"\",\"437.50\"],[\"07/06/2018\",\"$437.50\",\"\",\"437.50\"],[\"07/20/2018\",\"$437.50\",\"\",\"437.50\"],[\"08/03/2018\",\"$291.67\",\"\",\"291.67\"],[\"08/17/2018\",\"$291.67\",\"\",\"291.67\"],[\"08/31/2018\",\"$291.67\",\"\",\"291.67\"],[\"09/14/2018\",\"$437.50\",\"\",\"437.50\"],[\"09/28/2018\",\"$437.50\",\"\",\"437.50\"],[\"10/12/2018\",\"$437.50\",\"\",\"437.50\"],[\"10/26/2018\",\"$437.50\",\"\",\"437.50\"]]','2017-10-20 18:42:32','2017-10-20 18:42:46','3AAABLblqZhCyM6b_Dlb-7eKF_xA3BqcdYXpSXPNF4wQRWcrn9ziVuFQLg4DhXpGkJB8DUR6ZFEx3X-mAdtmFG6Ml45WMVO69','Rapid Advance','$14,000'),(21,'Lorin Croce','',2,2,30,2,'40000',15,50,'2w','2017-10-20 00:00:00','10/23/2017',2,3,10,35,'[[\"10/23/2017\",\"$2,066.67\",\"571.43\",\"1495.24\"],[\"11/06/2017\",\"$1,033.33\",\"571.43\",\"461.90\"],[\"11/20/2017\",\"$1,033.33\",\"571.43\",\"461.90\"],[\"12/04/2017\",\"$1,033.33\",\"571.43\",\"461.90\"],[\"12/18/2017\",\"$1,033.33\",\"571.43\",\"461.90\"],[\"01/01/2018\",\"$688.89\",\"571.43\",\"117.46\"],[\"01/15/2018\",\"$688.89\",\"571.42\",\"117.47\"],[\"01/29/2018\",\"$688.89\",\"\",\"688.89\"],[\"02/12/2018\",\"$1,033.33\",\"\",\"1033.33\"],[\"02/26/2018\",\"$1,033.33\",\"\",\"1033.33\"],[\"03/12/2018\",\"$1,033.33\",\"\",\"1033.33\"],[\"03/26/2018\",\"$1,033.33\",\"\",\"1033.33\"],[\"04/09/2018\",\"$1,033.33\",\"\",\"1033.33\"],[\"04/23/2018\",\"$1,033.33\",\"\",\"1033.33\"],[\"05/07/2018\",\"$1,033.33\",\"\",\"1033.33\"],[\"05/21/2018\",\"$1,033.33\",\"\",\"1033.33\"],[\"06/04/2018\",\"$1,033.33\",\"\",\"1033.33\"],[\"06/18/2018\",\"$1,033.33\",\"\",\"1033.33\"],[\"07/02/2018\",\"$688.89\",\"\",\"688.89\"],[\"07/16/2018\",\"$688.89\",\"\",\"688.89\"],[\"07/30/2018\",\"$688.89\",\"\",\"688.89\"],[\"08/13/2018\",\"$1,033.33\",\"\",\"1033.33\"],[\"08/27/2018\",\"$1,033.33\",\"\",\"1033.33\"],[\"09/10/2018\",\"$1,033.33\",\"\",\"1033.33\"],[\"09/24/2018\",\"$1,033.33\",\"\",\"1033.33\"],[\"10/08/2018\",\"$1,033.33\",\"\",\"1033.33\"],[\"10/22/2018\",\"$1,033.33\",\"\",\"1033.33\"],[\"11/05/2018\",\"$1,033.33\",\"\",\"1033.33\"],[\"11/19/2018\",\"$1,033.33\",\"\",\"1033.33\"],[\"12/03/2018\",\"$688.89\",\"\",\"688.89\"],[\"12/17/2018\",\"$688.89\",\"\",\"688.89\"],[\"12/31/2018\",\"$688.89\",\"\",\"688.89\"],[\"01/14/2019\",\"$939.39\",\"\",\"$939.39\"]]','2017-10-20 20:24:56','2017-10-20 23:12:40','3AAABLblqZhBgEG7avzBHTy7tEek-ZTZ_TKuivbmsU4WGvo8z4Iu8KMYx1Pm-gozQ7rlnSIlXCUgTeCR9tgsc55Gf2LS8fvxD','Swift','40,000'),(22,'Daniel Hocevar','',1,2,31,2,'34000',26,50,'6w','2017-10-23 00:00:00','10/27/2017',2,3,10,30,'[[\"10/27/2017\",\"$980.77\",\"485.71\",\"495.06\"],[\"11/10/2017\",\"$980.77\",\"485.71\",\"495.06\"],[\"11/24/2017\",\"$980.77\",\"485.71\",\"495.06\"],[\"12/08/2017\",\"$980.77\",\"485.71\",\"495.06\"],[\"12/22/2017\",\"$980.77\",\"485.71\",\"495.06\"],[\"01/05/2018\",\"$980.77\",\"485.71\",\"495.06\"],[\"01/19/2018\",\"$980.77\",\"485.74\",\"495.03\"],[\"02/02/2018\",\"$980.77\",\"\",\"980.77\"],[\"02/16/2018\",\"$980.77\",\"\",\"980.77\"],[\"03/02/2018\",\"$653.85\",\"\",\"653.85\"],[\"03/16/2018\",\"$653.85\",\"\",\"653.85\"],[\"03/30/2018\",\"$653.85\",\"\",\"653.85\"],[\"04/13/2018\",\"$980.77\",\"\",\"980.77\"],[\"04/27/2018\",\"$980.77\",\"\",\"980.77\"],[\"05/11/2018\",\"$980.77\",\"\",\"980.77\"],[\"05/25/2018\",\"$980.77\",\"\",\"980.77\"],[\"06/08/2018\",\"$980.77\",\"\",\"980.77\"],[\"06/22/2018\",\"$980.77\",\"\",\"980.77\"],[\"07/06/2018\",\"$980.77\",\"\",\"980.77\"],[\"07/20/2018\",\"$980.77\",\"\",\"980.77\"],[\"08/03/2018\",\"$653.85\",\"\",\"653.85\"],[\"08/17/2018\",\"$653.85\",\"\",\"653.85\"],[\"08/31/2018\",\"$653.85\",\"\",\"653.85\"],[\"09/14/2018\",\"$980.77\",\"\",\"980.77\"],[\"09/28/2018\",\"$980.77\",\"\",\"980.77\"],[\"10/12/2018\",\"$980.77\",\"\",\"980.77\"]]','2017-10-23 19:28:39','2017-10-23 19:29:35','','Bizfi Credit','$34,000'),(23,'carol priester','',1,2,32,2,'58000',26,50,'6w','2017-10-24 00:00:00','10/27/2017',2,3,10,30,'[[\"10/27/2017\",\"$1,673.08\",\"828.57\",\"844.51\"],[\"11/10/2017\",\"$1,673.08\",\"828.57\",\"844.51\"],[\"11/24/2017\",\"$1,673.08\",\"828.57\",\"844.51\"],[\"12/08/2017\",\"$1,673.08\",\"828.57\",\"844.51\"],[\"12/22/2017\",\"$1,673.08\",\"828.57\",\"844.51\"],[\"01/05/2018\",\"$1,673.08\",\"828.57\",\"844.51\"],[\"01/19/2018\",\"$1,673.08\",\"828.58\",\"844.50\"],[\"02/02/2018\",\"$1,673.08\",\"\",\"1673.08\"],[\"02/16/2018\",\"$1,673.08\",\"\",\"1673.08\"],[\"03/02/2018\",\"$1,115.38\",\"\",\"1115.38\"],[\"03/16/2018\",\"$1,115.38\",\"\",\"1115.38\"],[\"03/30/2018\",\"$1,115.38\",\"\",\"1115.38\"],[\"04/13/2018\",\"$1,673.08\",\"\",\"1673.08\"],[\"04/27/2018\",\"$1,673.08\",\"\",\"1673.08\"],[\"05/11/2018\",\"$1,673.08\",\"\",\"1673.08\"],[\"05/25/2018\",\"$1,673.08\",\"\",\"1673.08\"],[\"06/08/2018\",\"$1,673.08\",\"\",\"1673.08\"],[\"06/22/2018\",\"$1,673.08\",\"\",\"1673.08\"],[\"07/06/2018\",\"$1,673.08\",\"\",\"1673.08\"],[\"07/20/2018\",\"$1,673.08\",\"\",\"1673.08\"],[\"08/03/2018\",\"$1,115.38\",\"\",\"1115.38\"],[\"08/17/2018\",\"$1,115.38\",\"\",\"1115.38\"],[\"08/31/2018\",\"$1,115.38\",\"\",\"1115.38\"],[\"09/14/2018\",\"$1,673.08\",\"\",\"1673.08\"],[\"09/28/2018\",\"$1,673.08\",\"\",\"1673.08\"],[\"10/12/2018\",\"$1,673.08\",\"\",\"1673.08\"]]','2017-10-24 01:21:31','2017-10-24 21:58:39','3AAABLblqZhDPACLkZs6qIoKuQgVF94h9eBc6ONL7OHznBB_8u5WNP7qU4RoODuI_sZ5BqqlW5mQSDHMttaN-iSPJCXDUTe8Y','Snap\r\nFundkite\r\nCardinal Equity','22,759\r\n15,000\r\n20,000'),(24,'tester','',1,2,2,5,'10000',12,50,'6w','2017-10-27 00:00:00','11/03/2017',2,3,10,35,'[[\"11/03/2017\",\"$645.83\",\"142.86\",\"502.97\"],[\"11/24/2017\",\"$645.83\",\"142.86\",\"502.97\"],[\"12/08/2017\",\"$645.83\",\"142.86\",\"502.97\"],[\"12/22/2017\",\"$645.83\",\"142.86\",\"502.97\"],[\"01/05/2018\",\"$645.83\",\"142.86\",\"502.97\"],[\"01/19/2018\",\"$645.83\",\"142.86\",\"502.97\"],[\"02/02/2018\",\"$645.83\",\"142.84\",\"502.99\"],[\"02/16/2018\",\"$645.83\",\"\",\"645.83\"],[\"03/02/2018\",\"$430.56\",\"\",\"430.56\"],[\"03/16/2018\",\"$430.56\",\"\",\"430.56\"],[\"03/30/2018\",\"$430.56\",\"\",\"430.56\"],[\"04/13/2018\",\"$645.83\",\"\",\"$645.83\"]]','2017-10-27 18:19:15','2017-10-27 18:19:41','3AAABLblqZhBMRd1NNZb5BOHlDZOnx_cBOcUcAm4VEqmACLXPUgnfG_w3fTxPDJTbRBmaFNw8J_tUY95m5-xvSnLD-zSntP_x','','');
/*!40000 ALTER TABLE `debts` ENABLE KEYS */;
UNLOCK TABLES;

--
-- Table structure for table `department_user`
--

DROP TABLE IF EXISTS `department_user`;
/*!40101 SET @saved_cs_client     = @@character_set_client */;
/*!40101 SET character_set_client = utf8 */;
CREATE TABLE `department_user` (
  `id` int(10) unsigned NOT NULL AUTO_INCREMENT,
  `department_id` int(10) unsigned NOT NULL,
  `user_id` int(10) unsigned NOT NULL,
  `created_at` timestamp NULL DEFAULT NULL,
  `updated_at` timestamp NULL DEFAULT NULL,
  PRIMARY KEY (`id`),
  KEY `department_user_department_id_foreign` (`department_id`),
  KEY `department_user_user_id_foreign` (`user_id`),
  CONSTRAINT `department_user_department_id_foreign` FOREIGN KEY (`department_id`) REFERENCES `departments` (`id`) ON DELETE CASCADE,
  CONSTRAINT `department_user_user_id_foreign` FOREIGN KEY (`user_id`) REFERENCES `users` (`id`) ON DELETE CASCADE
) ENGINE=InnoDB AUTO_INCREMENT=12 DEFAULT CHARSET=utf8 COLLATE=utf8_unicode_ci;
/*!40101 SET character_set_client = @saved_cs_client */;

--
-- Dumping data for table `department_user`
--

LOCK TABLES `department_user` WRITE;
/*!40000 ALTER TABLE `department_user` DISABLE KEYS */;
INSERT INTO `department_user` VALUES (2,1,2,NULL,NULL),(3,2,1,NULL,NULL),(4,1,3,NULL,NULL),(8,1,5,NULL,NULL),(9,1,6,NULL,NULL);
/*!40000 ALTER TABLE `department_user` ENABLE KEYS */;
UNLOCK TABLES;

--
-- Table structure for table `departments`
--

DROP TABLE IF EXISTS `departments`;
/*!40101 SET @saved_cs_client     = @@character_set_client */;
/*!40101 SET character_set_client = utf8 */;
CREATE TABLE `departments` (
  `id` int(10) unsigned NOT NULL AUTO_INCREMENT,
  `name` varchar(255) COLLATE utf8_unicode_ci NOT NULL,
  `description` text COLLATE utf8_unicode_ci,
  `created_at` timestamp NULL DEFAULT NULL,
  `updated_at` timestamp NULL DEFAULT NULL,
  PRIMARY KEY (`id`)
) ENGINE=InnoDB AUTO_INCREMENT=5 DEFAULT CHARSET=utf8 COLLATE=utf8_unicode_ci;
/*!40101 SET character_set_client = @saved_cs_client */;

--
-- Dumping data for table `departments`
--

LOCK TABLES `departments` WRITE;
/*!40000 ALTER TABLE `departments` DISABLE KEYS */;
INSERT INTO `departments` VALUES (1,'Managment',NULL,'2017-08-25 08:46:26','2017-08-25 08:46:26'),(2,'IT','','2017-08-25 08:58:27','2017-08-25 08:58:27'),(3,'Office Admin','','2017-09-13 21:54:45','2017-09-13 21:54:45'),(4,'Debt Advisor','Opens and transfers leads to Closers.','2017-09-20 20:13:18','2017-09-20 20:13:18');
/*!40000 ALTER TABLE `departments` ENABLE KEYS */;
UNLOCK TABLES;

--
-- Table structure for table `documents`
--

DROP TABLE IF EXISTS `documents`;
/*!40101 SET @saved_cs_client     = @@character_set_client */;
/*!40101 SET character_set_client = utf8 */;
CREATE TABLE `documents` (
  `id` int(10) unsigned NOT NULL AUTO_INCREMENT,
  `name` varchar(255) COLLATE utf8_unicode_ci NOT NULL,
  `size` varchar(255) COLLATE utf8_unicode_ci NOT NULL,
  `path` varchar(255) COLLATE utf8_unicode_ci NOT NULL,
  `file_display` varchar(255) COLLATE utf8_unicode_ci NOT NULL,
  `client_id` int(10) unsigned NOT NULL,
  `created_at` timestamp NULL DEFAULT NULL,
  `updated_at` timestamp NULL DEFAULT NULL,
  PRIMARY KEY (`id`),
  KEY `documents_client_id_foreign` (`client_id`),
  CONSTRAINT `documents_client_id_foreign` FOREIGN KEY (`client_id`) REFERENCES `clients` (`id`)
) ENGINE=InnoDB AUTO_INCREMENT=53 DEFAULT CHARSET=utf8 COLLATE=utf8_unicode_ci;
/*!40101 SET character_set_client = @saved_cs_client */;

--
-- Dumping data for table `documents`
--

LOCK TABLES `documents` WRITE;
/*!40000 ALTER TABLE `documents` DISABLE KEYS */;
INSERT INTO `documents` VALUES (1,'','0.36','5QSq1k62_COJ_05_23_2017_15_25.pdf','COJ_05_23_2017_15_25.pdf',7,'2017-09-12 00:45:51','2017-09-12 00:45:51'),(2,'','5.44','5PaPasZK_Contract_05_23_2017_15_25.pdf','Contract_05_23_2017_15_25.pdf',7,'2017-09-12 00:45:56','2017-09-12 00:45:56'),(3,'','0.24','QiNGQp4Q_Liquididty1 001.jpg','Liquididty1 001.jpg',7,'2017-09-12 00:46:12','2017-09-12 00:46:12'),(4,'','0.24','YUmKnHam_Liquidity1 002.jpg','Liquidity1 002.jpg',7,'2017-09-12 00:46:12','2017-09-12 00:46:12'),(5,'','0.75','assWLnKW_Liquidity1 003.jpg','Liquidity1 003.jpg',7,'2017-09-12 00:46:13','2017-09-12 00:46:13'),(6,'','0.76','26bE4trJ_Liquidity1 004.jpg','Liquidity1 004.jpg',7,'2017-09-12 00:46:13','2017-09-12 00:46:13'),(7,'','0.55','Sss1m4zg_Liquidity1 006.jpg','Liquidity1 006.jpg',7,'2017-09-12 00:46:13','2017-09-12 00:46:13'),(8,'','0.44','kvOoCOfJ_Liquidity1 001.jpg','Liquidity1 001.jpg',7,'2017-09-12 00:46:14','2017-09-12 00:46:14'),(9,'','0.21','m9XpL6ms_Liquidity1 007.jpg','Liquidity1 007.jpg',7,'2017-09-12 00:46:14','2017-09-12 00:46:14'),(10,'','0.22','LVxjPaRD_Liquidity1 008.jpg','Liquidity1 008.jpg',7,'2017-09-12 00:46:14','2017-09-12 00:46:14'),(11,'','0.54','lqbINHg4_Liquidity1 009.jpg','Liquidity1 009.jpg',7,'2017-09-12 00:46:14','2017-09-12 00:46:14'),(12,'','0.45','QrZOkbkR_Liquidity1 010.jpg','Liquidity1 010.jpg',7,'2017-09-12 00:46:14','2017-09-12 00:46:14'),(13,'','0.23','eAlUg90v_Liquidity1 011.jpg','Liquidity1 011.jpg',7,'2017-09-12 00:46:14','2017-09-12 00:46:14'),(14,'','0.62','2Dy2NFZk_BUSY BEE AUG 21.pdf','BUSY BEE AUG 21.pdf',17,'2017-10-06 18:57:44','2017-10-06 18:57:44'),(15,'','1.12','JuWjST6K_Busy bee DLC_Contract.pdf','Busy bee DLC_Contract.pdf',17,'2017-10-06 18:57:51','2017-10-06 18:57:51'),(16,'','0.41','4y4KSUsz_BUSY_BEE_DEVELOPMENTAL_LEARNING_CENTERS-_INC.-70005824-Funding-Contract-....pdf','BUSY_BEE_DEVELOPMENTAL_LEARNING_CENTERS-_INC.-70005824-Funding-Contract-....pdf',17,'2017-10-06 18:57:57','2017-10-06 18:57:57'),(17,'','0.15','aU4yf2AG_Agreement.pdf','Agreement.pdf',15,'2017-10-06 22:34:33','2017-10-06 22:34:33'),(18,'','0.16','94gTRQtH_On Deck 3 Loan Docs.pdf','On Deck 3 Loan Docs.pdf',13,'2017-10-06 22:40:39','2017-10-06 22:40:39'),(19,'','0.51','xxpwJ7eO_CK_PRIME_INVESTMENTS_INC_-_Loan_Documents.pdf','CK_PRIME_INVESTMENTS_INC_-_Loan_Documents.pdf',19,'2017-10-07 00:16:01','2017-10-07 00:16:01'),(20,'','0.51','2bnlJFzI_CK_PRIME_INVESTMENTS_INC_-_Loan_Documents.pdf','CK_PRIME_INVESTMENTS_INC_-_Loan_Documents.pdf',19,'2017-10-07 00:45:41','2017-10-07 00:45:41'),(21,'','0.03','ZFcyYYSQ_17 - Aug.pdf','17 - Aug.pdf',19,'2017-10-11 01:13:58','2017-10-11 01:13:58'),(22,'','0.04','0gUXDJrv_17 - April.pdf','17 - April.pdf',19,'2017-10-11 01:13:58','2017-10-11 01:13:58'),(23,'','0.03','tjNwIp4k_17 - July.pdf','17 - July.pdf',19,'2017-10-11 01:13:58','2017-10-11 01:13:58'),(24,'','0.04','ckQ1C6n1_17 - June.pdf','17 - June.pdf',19,'2017-10-11 01:13:58','2017-10-11 01:13:58'),(25,'','0.04','IRsNDLKh_17 - Mar.pdf','17 - Mar.pdf',19,'2017-10-11 01:13:59','2017-10-11 01:13:59'),(26,'','0.04','ITVvaKx2_17 - Mar[1].pdf','17 - Mar[1].pdf',19,'2017-10-11 01:13:59','2017-10-11 01:13:59'),(27,'','0.03','tapvAsiL_17 - Sept.pdf','17 - Sept.pdf',19,'2017-10-11 01:13:59','2017-10-11 01:13:59'),(28,'','0.04','z1yvXzlw_17 - May.pdf','17 - May.pdf',19,'2017-10-11 01:13:59','2017-10-11 01:13:59'),(29,'','0.66','2u2nNjKN_BOFI.pdf','BOFI.pdf',21,'2017-10-11 21:59:29','2017-10-11 21:59:29'),(30,'','0.64','eOTHx92H_NationalFunding.pdf','NationalFunding.pdf',21,'2017-10-11 21:59:37','2017-10-11 21:59:37'),(31,'','0.25','Ui5zHX4f_Anna Beasley.pdf','Anna Beasley.pdf',17,'2017-10-16 21:52:51','2017-10-16 21:52:51'),(32,'','0.27','1i3WizBK_charles conn.pdf','charles conn.pdf',18,'2017-10-16 21:53:51','2017-10-16 21:53:51'),(33,'','0.25','i77ZBgJp_AGREEMENT TRIPLE JET_ Davis Metal_encrypted_ 2.pdf','AGREEMENT TRIPLE JET_ Davis Metal_encrypted_ 2.pdf',2,'2017-10-16 21:54:35','2017-10-16 21:54:35'),(34,'','0.05','dGmKVkxj_Addendum davis.docx','Addendum davis.docx',2,'2017-10-16 21:54:37','2017-10-16 21:54:37'),(35,'','0.50','0SJUZiCj_John Brewer updated.pdf','John Brewer updated.pdf',15,'2017-10-16 21:54:54','2017-10-16 21:54:54'),(36,'','0.07','yxixftww_Addendum to Triple Jet Settlement Agreement.docx','Addendum to Triple Jet Settlement Agreement.docx',13,'2017-10-16 21:55:15','2017-10-16 21:55:15'),(37,'','0.44','p4mEJZUf_AGREEMENT_TRIPLE_JET_matt_houston.docx.pdf','AGREEMENT_TRIPLE_JET_matt_houston.docx.pdf',13,'2017-10-16 21:55:19','2017-10-16 21:55:19'),(38,'','0.42','E1BJokke_AGREEMENT_TRIPLE_JET_wissam_hassanin.docx.pdf','AGREEMENT_TRIPLE_JET_wissam_hassanin.docx.pdf',4,'2017-10-16 21:55:55','2017-10-16 21:55:55'),(39,'','0.94','I9giW14m_NEL Outdoor Forum Settlement.pdf','NEL Outdoor Forum Settlement.pdf',14,'2017-10-16 21:56:33','2017-10-16 21:56:33'),(40,'','0.24','SuqUcLKR_AGREEMENT TRIPLE JET_ Forum Outdoor Designs LLC_encrypted_ (1).pdf','AGREEMENT TRIPLE JET_ Forum Outdoor Designs LLC_encrypted_ (1).pdf',14,'2017-10-16 21:59:37','2017-10-16 21:59:37'),(41,'','0.09','ce4Eilfy_Bolstr Account Payments.png','Bolstr Account Payments.png',28,'2017-10-19 20:19:15','2017-10-19 20:19:15'),(42,'','0.22','4898E8oQ_bolstr agreement.pdf','bolstr agreement.pdf',28,'2017-10-19 20:19:29','2017-10-19 20:19:29'),(43,'','0.07','tq2F45ri_EBF New Agreement.pdf','EBF New Agreement.pdf',28,'2017-10-19 20:19:52','2017-10-19 20:19:52'),(44,'','1.20','MU7zokZ4_EBF Loan.pdf','EBF Loan.pdf',28,'2017-10-19 20:19:52','2017-10-19 20:19:52'),(45,'','0.03','N9JZVdI4_Kings Cash Loan.pdf','Kings Cash Loan.pdf',28,'2017-10-19 20:20:07','2017-10-19 20:20:07'),(46,'','0.50','g4V2BQum_Kings Cash New Agreement.pdf','Kings Cash New Agreement.pdf',28,'2017-10-19 20:20:07','2017-10-19 20:20:07'),(47,'','0.42','PWEX6TR4_MCS New Agreement.pdf','MCS New Agreement.pdf',28,'2017-10-19 20:20:17','2017-10-19 20:20:17'),(48,'','0.23','aVZFxHjf_AGREEMENT TRIPLE JET_ Village of Nanny Glo_encrypted_.pdf','AGREEMENT TRIPLE JET_ Village of Nanny Glo_encrypted_.pdf',30,'2017-10-23 17:22:24','2017-10-23 17:22:24'),(49,'','0.51','1OIhYBpI_snap info.jpeg','snap info.jpeg',32,'2017-10-24 21:40:35','2017-10-24 21:40:35'),(50,'','0.66','XwhiY4by_Cardinal info. 2jpeg.jpeg','Cardinal info. 2jpeg.jpeg',32,'2017-10-24 21:41:03','2017-10-24 21:41:03'),(51,'','0.94','sCsvEsEV_Cardinal info.jpeg','Cardinal info.jpeg',32,'2017-10-24 21:41:12','2017-10-24 21:41:12'),(52,'','0.88','VwO53plV_Fundkite contract.pdf','Fundkite contract.pdf',32,'2017-10-24 21:41:23','2017-10-24 21:41:23');
/*!40000 ALTER TABLE `documents` ENABLE KEYS */;
UNLOCK TABLES;

--
-- Table structure for table `industries`
--

DROP TABLE IF EXISTS `industries`;
/*!40101 SET @saved_cs_client     = @@character_set_client */;
/*!40101 SET character_set_client = utf8 */;
CREATE TABLE `industries` (
  `id` int(10) unsigned NOT NULL AUTO_INCREMENT,
  `name` varchar(255) COLLATE utf8_unicode_ci NOT NULL,
  PRIMARY KEY (`id`)
) ENGINE=InnoDB AUTO_INCREMENT=26 DEFAULT CHARSET=utf8 COLLATE=utf8_unicode_ci;
/*!40101 SET character_set_client = @saved_cs_client */;

--
-- Dumping data for table `industries`
--

LOCK TABLES `industries` WRITE;
/*!40000 ALTER TABLE `industries` DISABLE KEYS */;
INSERT INTO `industries` VALUES (1,'Accommodations'),(2,'Accounting'),(3,'Auto'),(4,'Beauty & Cosmetics'),(5,'Carpenter'),(6,'Communications'),(7,'Computer & IT'),(8,'Construction'),(9,'Consulting'),(10,'Education'),(11,'Electronics'),(12,'Entertainment'),(13,'Food & Beverages'),(14,'Legal Services'),(15,'Marketing'),(16,'Real Estate'),(17,'Retail'),(18,'Sports'),(19,'Technology'),(20,'Tourism'),(21,'Transportation'),(22,'Travel'),(23,'Utilities'),(24,'Web Services'),(25,'Other');
/*!40000 ALTER TABLE `industries` ENABLE KEYS */;
UNLOCK TABLES;

--
-- Table structure for table `integrations`
--

DROP TABLE IF EXISTS `integrations`;
/*!40101 SET @saved_cs_client     = @@character_set_client */;
/*!40101 SET character_set_client = utf8 */;
CREATE TABLE `integrations` (
  `id` int(10) unsigned NOT NULL AUTO_INCREMENT,
  `name` varchar(255) COLLATE utf8_unicode_ci NOT NULL,
  `client_id` int(11) DEFAULT NULL,
  `user_id` int(11) DEFAULT NULL,
  `client_secret` int(11) DEFAULT NULL,
  `api_key` varchar(255) COLLATE utf8_unicode_ci DEFAULT NULL,
  `api_type` varchar(255) COLLATE utf8_unicode_ci DEFAULT NULL,
  `org_id` varchar(255) COLLATE utf8_unicode_ci DEFAULT NULL,
  `created_at` timestamp NULL DEFAULT NULL,
  `updated_at` timestamp NULL DEFAULT NULL,
  PRIMARY KEY (`id`)
) ENGINE=InnoDB DEFAULT CHARSET=utf8 COLLATE=utf8_unicode_ci;
/*!40101 SET character_set_client = @saved_cs_client */;

--
-- Dumping data for table `integrations`
--

LOCK TABLES `integrations` WRITE;
/*!40000 ALTER TABLE `integrations` DISABLE KEYS */;
/*!40000 ALTER TABLE `integrations` ENABLE KEYS */;
UNLOCK TABLES;

--
-- Table structure for table `invoice_task_time`
--

DROP TABLE IF EXISTS `invoice_task_time`;
/*!40101 SET @saved_cs_client     = @@character_set_client */;
/*!40101 SET character_set_client = utf8 */;
CREATE TABLE `invoice_task_time` (
  `id` int(10) unsigned NOT NULL AUTO_INCREMENT,
  `task_time_id` int(11) NOT NULL,
  `invoice_id` int(11) NOT NULL,
  `created_at` timestamp NULL DEFAULT NULL,
  `updated_at` timestamp NULL DEFAULT NULL,
  PRIMARY KEY (`id`)
) ENGINE=InnoDB DEFAULT CHARSET=utf8 COLLATE=utf8_unicode_ci;
/*!40101 SET character_set_client = @saved_cs_client */;

--
-- Dumping data for table `invoice_task_time`
--

LOCK TABLES `invoice_task_time` WRITE;
/*!40000 ALTER TABLE `invoice_task_time` DISABLE KEYS */;
/*!40000 ALTER TABLE `invoice_task_time` ENABLE KEYS */;
UNLOCK TABLES;

--
-- Table structure for table `invoices`
--

DROP TABLE IF EXISTS `invoices`;
/*!40101 SET @saved_cs_client     = @@character_set_client */;
/*!40101 SET character_set_client = utf8 */;
CREATE TABLE `invoices` (
  `id` int(10) unsigned NOT NULL AUTO_INCREMENT,
  `sent` int(11) NOT NULL,
  `received` int(11) NOT NULL,
  `payment_date` date NOT NULL,
  `created_at` timestamp NULL DEFAULT NULL,
  `updated_at` timestamp NULL DEFAULT NULL,
  PRIMARY KEY (`id`)
) ENGINE=InnoDB AUTO_INCREMENT=3 DEFAULT CHARSET=utf8 COLLATE=utf8_unicode_ci;
/*!40101 SET character_set_client = @saved_cs_client */;

--
-- Dumping data for table `invoices`
--

LOCK TABLES `invoices` WRITE;
/*!40000 ALTER TABLE `invoices` DISABLE KEYS */;
INSERT INTO `invoices` VALUES (1,0,0,'0000-00-00','2017-09-10 03:00:39','2017-09-10 03:00:39'),(2,0,0,'0000-00-00','2017-10-13 19:25:41','2017-10-13 19:25:41');
/*!40000 ALTER TABLE `invoices` ENABLE KEYS */;
UNLOCK TABLES;

--
-- Table structure for table `leads`
--

DROP TABLE IF EXISTS `leads`;
/*!40101 SET @saved_cs_client     = @@character_set_client */;
/*!40101 SET character_set_client = utf8 */;
CREATE TABLE `leads` (
  `id` int(10) unsigned NOT NULL AUTO_INCREMENT,
  `title` varchar(255) COLLATE utf8_unicode_ci NOT NULL,
  `description` text COLLATE utf8_unicode_ci NOT NULL,
  `status` int(11) NOT NULL,
  `user_assigned_id` int(10) unsigned NOT NULL,
  `client_id` int(10) unsigned NOT NULL,
  `user_created_id` int(10) unsigned NOT NULL,
  `contact_date` datetime NOT NULL,
  `created_at` timestamp NULL DEFAULT NULL,
  `updated_at` timestamp NULL DEFAULT NULL,
  PRIMARY KEY (`id`),
  KEY `leads_user_assigned_id_foreign` (`user_assigned_id`),
  KEY `leads_client_id_foreign` (`client_id`),
  KEY `leads_user_created_id_foreign` (`user_created_id`),
  CONSTRAINT `leads_client_id_foreign` FOREIGN KEY (`client_id`) REFERENCES `clients` (`id`),
  CONSTRAINT `leads_user_assigned_id_foreign` FOREIGN KEY (`user_assigned_id`) REFERENCES `users` (`id`),
  CONSTRAINT `leads_user_created_id_foreign` FOREIGN KEY (`user_created_id`) REFERENCES `users` (`id`)
) ENGINE=InnoDB AUTO_INCREMENT=14 DEFAULT CHARSET=utf8 COLLATE=utf8_unicode_ci;
/*!40101 SET character_set_client = @saved_cs_client */;

--
-- Dumping data for table `leads`
--

LOCK TABLES `leads` WRITE;
/*!40000 ALTER TABLE `leads` DISABLE KEYS */;
INSERT INTO `leads` VALUES (1,'Mark Hogue','SFS 30k\r\nCC 22%\r\n\r\nSent Intro email. can\'t pay electricity bill. wants to talk later.',2,2,2,2,'2017-09-07 11:00:00','2017-08-31 19:21:06','2017-09-22 20:10:43'),(2,'Metal Fortress Radio LLC','Rapid Advance $17,369\r\nDefaulted 1 year ago\r\nExtreme hardship Program\r\nEnrollment 9/6 1p',2,2,2,2,'2017-09-06 13:00:00','2017-09-05 20:12:26','2017-09-05 20:30:14'),(3,'Metal Fortress Radio LLC','8604387124',2,2,4,2,'2017-09-06 13:00:00','2017-09-05 20:21:14','2017-09-22 20:10:51'),(4,'Wayne Auto Collision & Sales INC','Everest  $16,000\r\nLiquidity $31,200\r\nBlue Vine $12,000\r\nKabbage $16,000\r\n\r\nTOTAL: $75,200\r\n\r\nIs currently enrolled with Creditors Relief but wants a better relationship.',2,2,7,2,'2017-09-18 16:30:00','2017-09-12 00:39:03','2017-09-22 20:11:12'),(5,'Bench Craft Custom Wood Work','On Deck $123,000',2,2,8,2,'2017-09-19 11:00:00','2017-09-12 17:42:54','2017-09-13 21:54:03'),(6,'Donald Trump','wsfefef',2,2,9,2,'2017-09-21 11:00:00','2017-09-14 14:00:50','2017-09-14 15:52:53'),(7,'R  C Builders of Ashton','Snap \r\nWorld Global Finance\r\n20,000',2,2,10,2,'2017-09-21 11:00:00','2017-09-14 15:54:46','2017-09-22 20:10:58'),(8,'Grefe\'s Auto Service LLC','Credibly $10,500',2,2,9,2,'2017-09-21 11:00:00','2017-09-14 16:14:04','2017-09-22 20:03:45'),(9,'Made in the Shade','On Deck 80k\r\n280 daily',2,2,13,2,'2017-09-26 11:00:00','2017-09-19 18:48:49','2017-09-22 17:37:59'),(10,'Sky Dive Marana','Green Cap\r\nFunding Metrics\r\nEverest\r\n$40,000',2,2,7,2,'2017-09-26 11:00:00','2017-09-19 20:46:34','2017-09-22 20:11:05'),(11,'Vishaal ','Big Deal',2,2,3,2,'2017-10-13 11:00:00','2017-10-06 19:43:14','2017-10-24 00:32:24'),(12,'All Mine','Test account',2,2,24,2,'2017-10-19 11:00:00','2017-10-12 23:16:05','2017-10-16 21:49:23'),(13,'Parol Priester','Need help',1,2,32,2,'2017-10-24 13:30:00','2017-10-24 21:48:27','2017-10-24 21:48:27');
/*!40000 ALTER TABLE `leads` ENABLE KEYS */;
UNLOCK TABLES;

--
-- Table structure for table `migrations`
--

DROP TABLE IF EXISTS `migrations`;
/*!40101 SET @saved_cs_client     = @@character_set_client */;
/*!40101 SET character_set_client = utf8 */;
CREATE TABLE `migrations` (
  `id` int(10) unsigned NOT NULL AUTO_INCREMENT,
  `migration` varchar(255) COLLATE utf8_unicode_ci NOT NULL,
  `batch` int(11) NOT NULL,
  PRIMARY KEY (`id`)
) ENGINE=InnoDB AUTO_INCREMENT=25 DEFAULT CHARSET=utf8 COLLATE=utf8_unicode_ci;
/*!40101 SET character_set_client = @saved_cs_client */;

--
-- Dumping data for table `migrations`
--

LOCK TABLES `migrations` WRITE;
/*!40000 ALTER TABLE `migrations` DISABLE KEYS */;
INSERT INTO `migrations` VALUES (1,'2014_10_12_000000_create_users_table',1),(2,'2014_10_12_100000_create_password_resets_table',1),(3,'2015_06_04_124835_create_industries_table',1),(4,'2015_12_28_163028_create_clients_table',1),(5,'2015_12_29_204031_tasks_table',1),(6,'2016_01_10_204413_create_comments_table',1),(7,'2016_01_18_113656_create_leads_table',1),(8,'2016_01_23_144854_settings',1),(9,'2016_01_26_003903_documents',1),(10,'2016_01_31_211926_task_time_table',1),(11,'2016_03_21_171847_create_department_table',1),(12,'2016_03_21_172416_create_department_user_table',1),(13,'2016_04_06_230504_integrations',1),(14,'2016_05_21_205532_create_activity_log_table',1),(15,'2016_07_25_150049_create_invoice_table',1),(16,'2016_07_25_151634_create_invoices_client_table',1),(17,'2016_07_25_154026_create_invocies_tasktime_table',1),(18,'2016_08_26_205017_entrust_setup_tables',1),(19,'2016_11_04_200855_create_notifications_table',1),(20,'2017_09_07_113656_create_debts_table',2),(21,'2017_09_26_024049_add_state_to_clients',3),(22,'2017_09_27_024111_add_agreement_to_debts',4),(23,'2017_09_27_044143_add_creditor_list_to_debts',4),(24,'2017_09_28_063252_add_creditoramt_to_debts',5);
/*!40000 ALTER TABLE `migrations` ENABLE KEYS */;
UNLOCK TABLES;

--
-- Table structure for table `notifications`
--

DROP TABLE IF EXISTS `notifications`;
/*!40101 SET @saved_cs_client     = @@character_set_client */;
/*!40101 SET character_set_client = utf8 */;
CREATE TABLE `notifications` (
  `id` char(36) COLLATE utf8_unicode_ci NOT NULL,
  `type` varchar(255) COLLATE utf8_unicode_ci NOT NULL,
  `notifiable_id` int(10) unsigned NOT NULL,
  `notifiable_type` varchar(255) COLLATE utf8_unicode_ci NOT NULL,
  `data` text COLLATE utf8_unicode_ci NOT NULL,
  `read_at` timestamp NULL DEFAULT NULL,
  `created_at` timestamp NULL DEFAULT NULL,
  `updated_at` timestamp NULL DEFAULT NULL,
  PRIMARY KEY (`id`),
  KEY `notifications_notifiable_id_notifiable_type_index` (`notifiable_id`,`notifiable_type`)
) ENGINE=InnoDB DEFAULT CHARSET=utf8 COLLATE=utf8_unicode_ci;
/*!40101 SET character_set_client = @saved_cs_client */;

--
-- Dumping data for table `notifications`
--

LOCK TABLES `notifications` WRITE;
/*!40000 ALTER TABLE `notifications` DISABLE KEYS */;
INSERT INTO `notifications` VALUES ('036cb3b9-ff71-4d2a-ab13-1c6d696dc485','App\\Notifications\\LeadActionNotification',2,'App\\Models\\User','{\"assigned_user\":2,\"created_user\":2,\"message\":\"Metal Fortress Radio LLC was created by Alex Portugal and assigned to you\",\"type\":\"App\\\\Models\\\\Lead\",\"type_id\":2,\"url\":\"http:\\/\\/crm.squareonesettlement.com\\/leads\\/2\",\"action\":\"created\"}',NULL,'2017-09-05 20:12:27','2017-09-05 20:12:27'),('09a9f965-4fe9-462c-939f-254963183f73','App\\Notifications\\TaskActionNotification',5,'App\\Models\\User','{\"assigned_user\":5,\"created_user\":2,\"message\":\"Alex Portugal assigned a task to you\",\"type\":\"App\\\\Models\\\\Task\",\"type_id\":1,\"url\":\"http:\\/\\/crm.squareonesettlement.com\\/tasks\\/1\",\"action\":\"updated_assign\"}',NULL,'2017-08-29 18:01:22','2017-08-29 18:01:22'),('0a8ee37d-82a4-4685-9e16-79987c955711','App\\Notifications\\DebtActionNotification',6,'App\\Models\\User','{\"assigned_user\":6,\"created_user\":2,\"message\":\"Adobe Sign agreement was created for rsc mechanical \",\"type\":\"App\\\\Models\\\\Debt\",\"type_id\":7,\"url\":\"https:\\/\\/crm.triplejetsettlement.com\\/debts\\/7\",\"action\":\"updated_agreement\"}',NULL,'2017-10-06 00:10:15','2017-10-06 00:10:15'),('0c721d52-621e-4564-877b-6255f0b5e5b5','App\\Notifications\\DebtActionNotification',2,'App\\Models\\User','{\"assigned_user\":2,\"created_user\":5,\"message\":\"tester was created by Mehdi Metidji and assigned to you\",\"type\":\"App\\\\Models\\\\Debt\",\"type_id\":24,\"url\":\"https:\\/\\/crm.triplejetsettlement.com\\/debts\\/24\",\"action\":\"created\"}',NULL,'2017-10-27 18:19:15','2017-10-27 18:19:15'),('0dc96553-69ee-4fcf-ac32-41099153036d','App\\Notifications\\TaskActionNotification',2,'App\\Models\\User','{\"assigned_user\":2,\"created_user\":2,\"message\":\"Request Loan Agreement was created by Alex Portugal, and assigned to you\",\"type\":\"App\\\\Models\\\\Task\",\"type_id\":1,\"url\":\"http:\\/\\/crm.squareonesettlement.com\\/tasks\\/1\",\"action\":\"created\"}',NULL,'2017-08-29 18:00:57','2017-08-29 18:00:57'),('1034b2d9-b874-4225-98b8-81f2885317e1','App\\Notifications\\DebtActionNotification',2,'App\\Models\\User','{\"assigned_user\":2,\"created_user\":2,\"message\":\"Bench Craft Custom Wood Work was created by Alex Portugal and assigned to you\",\"type\":\"App\\\\Models\\\\Debt\",\"type_id\":15,\"url\":\"https:\\/\\/crm.triplejetsettlement.com\\/debts\\/15\",\"action\":\"created\"}',NULL,'2017-10-12 23:24:41','2017-10-12 23:24:41'),('137b662c-a3a5-44c9-91c5-c7cc8ae0b92f','App\\Notifications\\DebtActionNotification',2,'App\\Models\\User','{\"assigned_user\":2,\"created_user\":2,\"message\":\"Adobe Sign agreement was created for Davis Metal\",\"type\":\"App\\\\Models\\\\Debt\",\"type_id\":13,\"url\":\"https:\\/\\/crm.triplejetsettlement.com\\/debts\\/13\",\"action\":\"updated_agreement\"}',NULL,'2017-09-28 18:22:50','2017-09-28 18:22:50'),('1481f561-7352-4ede-ab81-97da88030bbc','App\\Notifications\\DebtActionNotification',2,'App\\Models\\User','{\"assigned_user\":2,\"created_user\":2,\"message\":\"Grefe\'s Auto Service LLC was created by Alex Portugal and assigned to you\",\"type\":\"App\\\\Models\\\\Debt\",\"type_id\":7,\"url\":\"http:\\/\\/crm.triplejetsettlement.com\\/debts\\/7\",\"action\":\"created\"}',NULL,'2017-09-14 16:16:22','2017-09-14 16:16:22'),('15a2d9c6-4d9d-4bbb-920c-34d85e1c7bda','App\\Notifications\\DebtActionNotification',2,'App\\Models\\User','{\"assigned_user\":2,\"created_user\":2,\"message\":\"Adobe Sign agreement was created for Busy Bee Developmental Learning Center\",\"type\":\"App\\\\Models\\\\Debt\",\"type_id\":6,\"url\":\"https:\\/\\/crm.triplejetsettlement.com\\/debts\\/6\",\"action\":\"updated_agreement\"}',NULL,'2017-10-06 19:01:09','2017-10-06 19:01:09'),('15ffd261-0073-40f7-a929-fc845fa29057','App\\Notifications\\TaskActionNotification',2,'App\\Models\\User','{\"assigned_user\":2,\"created_user\":2,\"message\":\"Alex Portugal assigned a task to you\",\"type\":\"App\\\\Models\\\\Task\",\"type_id\":1,\"url\":\"http:\\/\\/crm.squareonesettlement.com\\/tasks\\/1\",\"action\":\"updated_assign\"}',NULL,'2017-08-29 18:01:16','2017-08-29 18:01:16'),('1600e5f4-709a-4f72-8d25-b5e2feec521d','App\\Notifications\\DebtActionNotification',2,'App\\Models\\User','{\"assigned_user\":2,\"created_user\":2,\"message\":\"Adobe Sign agreement was created for Oscar Moarles\",\"type\":\"App\\\\Models\\\\Debt\",\"type_id\":20,\"url\":\"https:\\/\\/crm.triplejetsettlement.com\\/debts\\/20\",\"action\":\"updated_agreement\"}',NULL,'2017-10-20 18:42:46','2017-10-20 18:42:46'),('16c7689c-e5dd-4f38-ae83-698716a5e9fc','App\\Notifications\\ClientActionNotification',2,'App\\Models\\User','{\"assigned_user\":2,\"created_user\":2,\"message\":\"Client Star Light was assigned to you\",\"type\":\"App\\\\Models\\\\Client\",\"type_id\":1,\"url\":\"http:\\/\\/crm.squareonesettlement.com\\/clients\\/1\",\"action\":\"created\"}',NULL,'2017-08-28 22:08:43','2017-08-28 22:08:43'),('17772d9b-ae1a-4011-8381-7f04b6fb65e2','App\\Notifications\\DebtActionNotification',2,'App\\Models\\User','{\"assigned_user\":2,\"created_user\":2,\"message\":\"Adobe Sign agreement was created for Monday \",\"type\":\"App\\\\Models\\\\Debt\",\"type_id\":2,\"url\":\"https:\\/\\/crm.triplejetsettlement.com\\/debts\\/2\",\"action\":\"updated_agreement\"}',NULL,'2017-10-02 17:55:13','2017-10-02 17:55:13'),('188a6672-b703-4936-9a6e-acc9813b03b5','App\\Notifications\\LeadActionNotification',2,'App\\Models\\User','{\"assigned_user\":2,\"created_user\":2,\"message\":\"R  C Builders of Ashton was completed by Alex Portugal\",\"type\":\"App\\\\Models\\\\Lead\",\"type_id\":7,\"url\":\"https:\\/\\/crm.triplejetsettlement.com\\/leads\\/7\",\"action\":\"updated_status\"}',NULL,'2017-09-22 20:10:58','2017-09-22 20:10:58'),('191a8b89-330c-481c-95dc-6a530bef1e32','App\\Notifications\\DebtActionNotification',2,'App\\Models\\User','{\"assigned_user\":2,\"created_user\":2,\"message\":\"Adobe Sign agreement was created for william\",\"type\":\"App\\\\Models\\\\Debt\",\"type_id\":18,\"url\":\"https:\\/\\/crm.triplejetsettlement.com\\/debts\\/18\",\"action\":\"updated_agreement\"}',NULL,'2017-10-01 04:02:00','2017-10-01 04:02:00'),('1ab24392-3dfd-4767-ae64-663aa12c1122','App\\Notifications\\LeadActionNotification',2,'App\\Models\\User','{\"assigned_user\":2,\"created_user\":2,\"message\":\"Grefe\'s Auto Service LLC was created by Alex Portugal and assigned to you\",\"type\":\"App\\\\Models\\\\Lead\",\"type_id\":8,\"url\":\"http:\\/\\/crm.triplejetsettlement.com\\/leads\\/8\",\"action\":\"created\"}',NULL,'2017-09-14 16:14:04','2017-09-14 16:14:04'),('1adb2d2a-6ad7-4921-a44b-a2cd9617dc50','App\\Notifications\\ClientActionNotification',2,'App\\Models\\User','{\"assigned_user\":2,\"created_user\":1,\"message\":\"Client Best Productions was assigned to you\",\"type\":\"App\\\\Models\\\\Client\",\"type_id\":12,\"url\":\"http:\\/\\/crm.triplejetsettlement.com\\/clients\\/12\",\"action\":\"created\"}','2017-09-18 13:46:58','2017-09-18 09:53:47','2017-09-18 13:46:58'),('1bbbef0b-b591-4657-b5ec-2c0dee061040','App\\Notifications\\DebtActionNotification',5,'App\\Models\\User','{\"assigned_user\":5,\"created_user\":6,\"message\":\"Mehdi Test was created by Garry Davydov and assigned to you\",\"type\":\"App\\\\Models\\\\Debt\",\"type_id\":12,\"url\":\"https:\\/\\/crm.triplejetsettlement.com\\/debts\\/12\",\"action\":\"created\"}',NULL,'2017-09-27 22:13:22','2017-09-27 22:13:22'),('1cf8338b-777a-430b-8908-211ba2373297','App\\Notifications\\DebtActionNotification',6,'App\\Models\\User','{\"assigned_user\":6,\"created_user\":2,\"message\":\"Adobe Sign agreement was created for rsc mechanical \",\"type\":\"App\\\\Models\\\\Debt\",\"type_id\":7,\"url\":\"https:\\/\\/crm.triplejetsettlement.com\\/debts\\/7\",\"action\":\"updated_agreement\"}',NULL,'2017-10-06 00:12:38','2017-10-06 00:12:38'),('1fa8e220-4b75-473e-81ca-b9b6af95cbae','App\\Notifications\\DebtActionNotification',2,'App\\Models\\User','{\"assigned_user\":2,\"created_user\":2,\"message\":\"Davis Metal was created by Alex Portugal and assigned to you\",\"type\":\"App\\\\Models\\\\Debt\",\"type_id\":13,\"url\":\"https:\\/\\/crm.triplejetsettlement.com\\/debts\\/13\",\"action\":\"created\"}',NULL,'2017-09-28 01:04:41','2017-09-28 01:04:41'),('20a254a8-594a-4f59-b3d3-68ab48d97051','App\\Notifications\\LeadActionNotification',2,'App\\Models\\User','{\"assigned_user\":2,\"created_user\":2,\"message\":\"Donald Trump was completed by Alex Portugal\",\"type\":\"App\\\\Models\\\\Lead\",\"type_id\":6,\"url\":\"http:\\/\\/crm.triplejetsettlement.com\\/leads\\/6\",\"action\":\"updated_status\"}',NULL,'2017-09-14 15:52:53','2017-09-14 15:52:53'),('20ea566e-4a2b-4e0d-a7c1-1a8f509683dd','App\\Notifications\\DebtActionNotification',2,'App\\Models\\User','{\"assigned_user\":2,\"created_user\":2,\"message\":\"carol priester was created by Alex Portugal and assigned to you\",\"type\":\"App\\\\Models\\\\Debt\",\"type_id\":23,\"url\":\"https:\\/\\/crm.triplejetsettlement.com\\/debts\\/23\",\"action\":\"created\"}',NULL,'2017-10-24 01:21:31','2017-10-24 01:21:31'),('236af4f9-da46-425a-99fe-64d965d207c8','App\\Notifications\\LeadActionNotification',2,'App\\Models\\User','{\"assigned_user\":2,\"created_user\":2,\"message\":\"Metal Fortress Radio LLC was created by Alex Portugal and assigned to you\",\"type\":\"App\\\\Models\\\\Lead\",\"type_id\":3,\"url\":\"http:\\/\\/crm.squareonesettlement.com\\/leads\\/3\",\"action\":\"created\"}',NULL,'2017-09-05 20:21:14','2017-09-05 20:21:14'),('250f3384-39ad-4cb8-9bd0-7552abb69308','App\\Notifications\\ClientActionNotification',2,'App\\Models\\User','{\"assigned_user\":2,\"created_user\":2,\"message\":\"Client All Mines was assigned to you\",\"type\":\"App\\\\Models\\\\Client\",\"type_id\":24,\"url\":\"https:\\/\\/crm.triplejetsettlement.com\\/clients\\/24\",\"action\":\"created\"}',NULL,'2017-10-12 23:15:29','2017-10-12 23:15:29'),('25a1a116-1e13-44d6-9158-3a7c86e4d802','App\\Notifications\\DebtActionNotification',2,'App\\Models\\User','{\"assigned_user\":2,\"created_user\":2,\"message\":\"Adobe Sign agreement was created for William Schereck\",\"type\":\"App\\\\Models\\\\Debt\",\"type_id\":12,\"url\":\"https:\\/\\/crm.triplejetsettlement.com\\/debts\\/12\",\"action\":\"updated_agreement\"}',NULL,'2017-10-11 00:03:27','2017-10-11 00:03:27'),('25bb3ea6-a9dc-4184-ac7a-ece941d8be2d','App\\Notifications\\ClientActionNotification',2,'App\\Models\\User','{\"assigned_user\":2,\"created_user\":5,\"message\":\"Mehdi Metidji assigned All Mines to you\",\"type\":\"App\\\\Models\\\\Client\",\"type_id\":24,\"url\":\"https:\\/\\/crm.triplejetsettlement.com\\/clients\\/24\",\"action\":\"updated_assign\"}',NULL,'2017-10-16 21:50:37','2017-10-16 21:50:37'),('25d0d8dd-ca6d-4284-86eb-d4de462c04eb','App\\Notifications\\TaskActionNotification',5,'App\\Models\\User','{\"assigned_user\":5,\"created_user\":2,\"message\":\"Alex Portugal inserted a new time for Premium Shield INC\",\"type\":\"App\\\\Models\\\\Task\",\"type_id\":4,\"url\":\"https:\\/\\/crm.triplejetsettlement.com\\/tasks\\/4\",\"action\":\"updated_time\"}',NULL,'2017-10-06 21:37:37','2017-10-06 21:37:37'),('2648e4a6-e74f-4db0-80d2-f6645bec34b0','App\\Notifications\\DebtActionNotification',2,'App\\Models\\User','{\"assigned_user\":2,\"created_user\":2,\"message\":\"Wesley Charles was completed by Alex Portugal\",\"type\":\"App\\\\Models\\\\Debt\",\"type_id\":3,\"url\":\"https:\\/\\/crm.triplejetsettlement.com\\/debts\\/3\",\"action\":\"updated_status\"}',NULL,'2017-10-28 01:25:24','2017-10-28 01:25:24'),('288d91fb-26ae-421a-93f6-dd557021e01c','App\\Notifications\\DebtActionNotification',2,'App\\Models\\User','{\"assigned_user\":2,\"created_user\":2,\"message\":\"Adobe Sign agreement was created for Willaim Scherech\",\"type\":\"App\\\\Models\\\\Debt\",\"type_id\":17,\"url\":\"https:\\/\\/crm.triplejetsettlement.com\\/debts\\/17\",\"action\":\"updated_agreement\"}',NULL,'2017-09-29 19:05:58','2017-09-29 19:05:58'),('28bead9d-f8c4-4fd3-9baf-1b25861df03d','App\\Notifications\\TaskActionNotification',5,'App\\Models\\User','{\"assigned_user\":5,\"created_user\":2,\"message\":\"WC 8\\/30 - Anthony Ferrell  was created by Alex Portugal, and assigned to you\",\"type\":\"App\\\\Models\\\\Task\",\"type_id\":2,\"url\":\"http:\\/\\/crm.squareonesettlement.com\\/tasks\\/2\",\"action\":\"created\"}',NULL,'2017-08-30 20:18:59','2017-08-30 20:18:59'),('28ecb872-e398-4a4c-b8ba-1f0394f42e26','App\\Notifications\\TaskActionNotification',5,'App\\Models\\User','{\"assigned_user\":5,\"created_user\":2,\"message\":\"Alex Portugal assigned a task to you\",\"type\":\"App\\\\Models\\\\Task\",\"type_id\":1,\"url\":\"http:\\/\\/crm.squareonesettlement.com\\/tasks\\/1\",\"action\":\"updated_assign\"}',NULL,'2017-08-29 18:01:44','2017-08-29 18:01:44'),('2acf885d-d6a3-4ba5-9bb5-6d321a320f89','App\\Notifications\\DebtActionNotification',2,'App\\Models\\User','{\"assigned_user\":2,\"created_user\":2,\"message\":\"Adobe Sign agreement was created for Chad Kovarik\",\"type\":\"App\\\\Models\\\\Debt\",\"type_id\":9,\"url\":\"https:\\/\\/crm.triplejetsettlement.com\\/debts\\/9\",\"action\":\"updated_agreement\"}',NULL,'2017-10-11 01:15:42','2017-10-11 01:15:42'),('2e05050f-ab8b-4530-b9bb-4d518210b76a','App\\Notifications\\DebtActionNotification',5,'App\\Models\\User','{\"assigned_user\":5,\"created_user\":6,\"message\":\"Adobe Sign agreement was created for Mehdi Test\",\"type\":\"App\\\\Models\\\\Debt\",\"type_id\":12,\"url\":\"https:\\/\\/crm.triplejetsettlement.com\\/debts\\/12\",\"action\":\"updated_agreement\"}',NULL,'2017-09-27 23:07:13','2017-09-27 23:07:13'),('301a70f2-d0d0-472e-aaee-757ab5b5370d','App\\Notifications\\DebtActionNotification',5,'App\\Models\\User','{\"assigned_user\":5,\"created_user\":6,\"message\":\"Adobe Sign agreement was created for Mehdi Test\",\"type\":\"App\\\\Models\\\\Debt\",\"type_id\":12,\"url\":\"https:\\/\\/crm.triplejetsettlement.com\\/debts\\/12\",\"action\":\"updated_agreement\"}',NULL,'2017-09-27 22:13:30','2017-09-27 22:13:30'),('318f0185-e2b7-4875-929f-a83455bc2f3a','App\\Notifications\\DebtActionNotification',2,'App\\Models\\User','{\"assigned_user\":2,\"created_user\":2,\"message\":\"Test01 was completed by Alex Portugal\",\"type\":\"App\\\\Models\\\\Debt\",\"type_id\":8,\"url\":\"https:\\/\\/crm.triplejetsettlement.com\\/debts\\/8\",\"action\":\"updated_status\"}',NULL,'2017-09-26 10:17:40','2017-09-26 10:17:40'),('3212ea38-7b51-4645-ab99-27c918486b33','App\\Notifications\\DebtActionNotification',2,'App\\Models\\User','{\"assigned_user\":2,\"created_user\":2,\"message\":\"Adobe Sign agreement was created for Busy Bee Developmental Learning Center\",\"type\":\"App\\\\Models\\\\Debt\",\"type_id\":6,\"url\":\"https:\\/\\/crm.triplejetsettlement.com\\/debts\\/6\",\"action\":\"updated_agreement\"}',NULL,'2017-10-05 18:58:10','2017-10-05 18:58:10'),('36d78f66-6ad8-48ab-9ad8-46d07276cab4','App\\Notifications\\DebtActionNotification',2,'App\\Models\\User','{\"assigned_user\":2,\"created_user\":2,\"message\":\"Adobe Sign agreement was created for Davis Metal\",\"type\":\"App\\\\Models\\\\Debt\",\"type_id\":13,\"url\":\"https:\\/\\/crm.triplejetsettlement.com\\/debts\\/13\",\"action\":\"updated_agreement\"}',NULL,'2017-09-28 21:59:27','2017-09-28 21:59:27'),('3782df71-cf4e-4784-9c3b-325bfe6ae797','App\\Notifications\\ClientActionNotification',1,'App\\Models\\User','{\"assigned_user\":1,\"created_user\":1,\"message\":\"Client Test LLC was assigned to you\",\"type\":\"App\\\\Models\\\\Client\",\"type_id\":6,\"url\":\"http:\\/\\/crm.triplejetsettlement.com\\/clients\\/6\",\"action\":\"created\"}',NULL,'2017-09-07 08:08:41','2017-09-07 08:08:41'),('39b7daee-2b40-438d-9243-0b6e442ab1e5','App\\Notifications\\DebtActionNotification',2,'App\\Models\\User','{\"assigned_user\":2,\"created_user\":2,\"message\":\"Peter Mccarthy was created by Alex Portugal and assigned to you\",\"type\":\"App\\\\Models\\\\Debt\",\"type_id\":18,\"url\":\"https:\\/\\/crm.triplejetsettlement.com\\/debts\\/18\",\"action\":\"created\"}',NULL,'2017-10-19 18:11:27','2017-10-19 18:11:27'),('3f985e2b-8838-4f18-b61a-803071134526','App\\Notifications\\DebtActionNotification',2,'App\\Models\\User','{\"assigned_user\":2,\"created_user\":2,\"message\":\"Adobe Sign agreement was created for Balls\",\"type\":\"App\\\\Models\\\\Debt\",\"type_id\":10,\"url\":\"https:\\/\\/crm.triplejetsettlement.com\\/debts\\/10\",\"action\":\"updated_agreement\"}',NULL,'2017-09-27 22:08:52','2017-09-27 22:08:52'),('40c15881-0c7d-48c8-b182-63a5ff14a52d','App\\Notifications\\DebtActionNotification',2,'App\\Models\\User','{\"assigned_user\":2,\"created_user\":2,\"message\":\"87673 was created by Alex Portugal and assigned to you\",\"type\":\"App\\\\Models\\\\Debt\",\"type_id\":2,\"url\":\"http:\\/\\/crm.triplejetsettlement.com\\/debts\\/2\",\"action\":\"created\"}',NULL,'2017-09-13 18:24:18','2017-09-13 18:24:18'),('419d1b61-b46d-4339-80d0-49ad034f80be','App\\Notifications\\ClientActionNotification',2,'App\\Models\\User','{\"assigned_user\":2,\"created_user\":2,\"message\":\"Client Moonrich LLC was assigned to you\",\"type\":\"App\\\\Models\\\\Client\",\"type_id\":25,\"url\":\"https:\\/\\/crm.triplejetsettlement.com\\/clients\\/25\",\"action\":\"created\"}',NULL,'2017-10-18 19:12:13','2017-10-18 19:12:13'),('420120ba-ad8d-486d-b960-c9461b0b6e37','App\\Notifications\\ClientActionNotification',2,'App\\Models\\User','{\"assigned_user\":2,\"created_user\":2,\"message\":\"Client R C Builders of Ashton was assigned to you\",\"type\":\"App\\\\Models\\\\Client\",\"type_id\":10,\"url\":\"http:\\/\\/crm.triplejetsettlement.com\\/clients\\/10\",\"action\":\"created\"}',NULL,'2017-09-14 15:51:52','2017-09-14 15:51:52'),('429c851f-5e39-4a04-bbbc-5d160e4ccc44','App\\Notifications\\DebtActionNotification',2,'App\\Models\\User','{\"assigned_user\":2,\"created_user\":2,\"message\":\"Shazad was completed by Alex Portugal\",\"type\":\"App\\\\Models\\\\Debt\",\"type_id\":3,\"url\":\"https:\\/\\/crm.triplejetsettlement.com\\/debts\\/3\",\"action\":\"updated_status\"}',NULL,'2017-09-22 20:11:31','2017-09-22 20:11:31'),('451f13ea-fdec-4f48-8742-8f3dcbe78f86','App\\Notifications\\DebtActionNotification',2,'App\\Models\\User','{\"assigned_user\":2,\"created_user\":2,\"message\":\"Adobe Sign agreement was created for Busy Bee Developmental Learning Center\",\"type\":\"App\\\\Models\\\\Debt\",\"type_id\":6,\"url\":\"https:\\/\\/crm.triplejetsettlement.com\\/debts\\/6\",\"action\":\"updated_agreement\"}',NULL,'2017-10-05 21:45:42','2017-10-05 21:45:42'),('46f23372-3584-4f93-8691-873f59397c4f','App\\Notifications\\DebtActionNotification',2,'App\\Models\\User','{\"assigned_user\":2,\"created_user\":2,\"message\":\"open2 was completed by Alex Portugal\",\"type\":\"App\\\\Models\\\\Debt\",\"type_id\":4,\"url\":\"https:\\/\\/crm.triplejetsettlement.com\\/debts\\/4\",\"action\":\"updated_status\"}',NULL,'2017-09-22 20:11:37','2017-09-22 20:11:37'),('47e2b388-09d4-4a9e-9429-7015a4088033','App\\Notifications\\LeadActionNotification',2,'App\\Models\\User','{\"assigned_user\":2,\"created_user\":2,\"message\":\"All Mine was completed by Mehdi Metidji\",\"type\":\"App\\\\Models\\\\Lead\",\"type_id\":12,\"url\":\"https:\\/\\/crm.triplejetsettlement.com\\/leads\\/12\",\"action\":\"updated_status\"}',NULL,'2017-10-16 21:49:23','2017-10-16 21:49:23'),('48e96234-b77e-4993-8107-d440a1a2207f','App\\Notifications\\DebtActionNotification',2,'App\\Models\\User','{\"assigned_user\":2,\"created_user\":2,\"message\":\"WOW was created by Alex Portugal and assigned to you\",\"type\":\"App\\\\Models\\\\Debt\",\"type_id\":11,\"url\":\"https:\\/\\/crm.triplejetsettlement.com\\/debts\\/11\",\"action\":\"created\"}',NULL,'2017-09-27 07:27:17','2017-09-27 07:27:17'),('49793ade-dc63-4340-a57e-67ce06199cf5','App\\Notifications\\ClientActionNotification',2,'App\\Models\\User','{\"assigned_user\":2,\"created_user\":2,\"message\":\"Client Paradise Grill was assigned to you\",\"type\":\"App\\\\Models\\\\Client\",\"type_id\":3,\"url\":\"http:\\/\\/crm.squareonesettlement.com\\/clients\\/3\",\"action\":\"created\"}',NULL,'2017-08-31 19:22:18','2017-08-31 19:22:18'),('4aae1794-07e7-4971-8206-aa0fb2a997eb','App\\Notifications\\ClientActionNotification',2,'App\\Models\\User','{\"assigned_user\":2,\"created_user\":5,\"message\":\"Client Inovasi was assigned to you\",\"type\":\"App\\\\Models\\\\Client\",\"type_id\":28,\"url\":\"https:\\/\\/crm.triplejetsettlement.com\\/clients\\/28\",\"action\":\"created\"}',NULL,'2017-10-19 19:41:11','2017-10-19 19:41:11'),('4e43850d-3ae6-49d7-8f85-366500fbe8e1','App\\Notifications\\LeadActionNotification',2,'App\\Models\\User','{\"assigned_user\":2,\"created_user\":2,\"message\":\"Vishaal  was completed by Garry Davydov\",\"type\":\"App\\\\Models\\\\Lead\",\"type_id\":11,\"url\":\"https:\\/\\/crm.triplejetsettlement.com\\/leads\\/11\",\"action\":\"updated_status\"}',NULL,'2017-10-24 00:32:24','2017-10-24 00:32:24'),('4f0ac324-1d40-4909-8163-53524752725b','App\\Notifications\\ClientActionNotification',2,'App\\Models\\User','{\"assigned_user\":2,\"created_user\":2,\"message\":\"Client Ferrell was assigned to you\",\"type\":\"App\\\\Models\\\\Client\",\"type_id\":2,\"url\":\"http:\\/\\/crm.squareonesettlement.com\\/clients\\/2\",\"action\":\"created\"}',NULL,'2017-08-29 00:12:17','2017-08-29 00:12:17'),('512e2df0-54c8-49dd-a01f-6e4ddccadbdc','App\\Notifications\\DebtActionNotification',2,'App\\Models\\User','{\"assigned_user\":2,\"created_user\":2,\"message\":\"Adobe Sign agreement was created for Wesley Charles\",\"type\":\"App\\\\Models\\\\Debt\",\"type_id\":3,\"url\":\"https:\\/\\/crm.triplejetsettlement.com\\/debts\\/3\",\"action\":\"updated_agreement\"}',NULL,'2017-10-02 20:55:27','2017-10-02 20:55:27'),('53daf1f6-f3f3-4484-991e-a5c3fa3b4bb4','App\\Notifications\\LeadActionNotification',2,'App\\Models\\User','{\"assigned_user\":2,\"created_user\":2,\"message\":\"R  C Builders of Ashton was created by Alex Portugal and assigned to you\",\"type\":\"App\\\\Models\\\\Lead\",\"type_id\":7,\"url\":\"http:\\/\\/crm.triplejetsettlement.com\\/leads\\/7\",\"action\":\"created\"}',NULL,'2017-09-14 15:54:46','2017-09-14 15:54:46'),('545ea658-9570-4ec0-b131-bab6ec90405a','App\\Notifications\\ClientActionNotification',2,'App\\Models\\User','{\"assigned_user\":2,\"created_user\":2,\"message\":\"Client Trump Tower was assigned to you\",\"type\":\"App\\\\Models\\\\Client\",\"type_id\":9,\"url\":\"http:\\/\\/crm.triplejetsettlement.com\\/clients\\/9\",\"action\":\"created\"}',NULL,'2017-09-14 13:59:44','2017-09-14 13:59:44'),('576b9283-603a-4142-b2ce-ed47525441dd','App\\Notifications\\ClientActionNotification',2,'App\\Models\\User','{\"assigned_user\":2,\"created_user\":2,\"message\":\"Client Made In The Shade was assigned to you\",\"type\":\"App\\\\Models\\\\Client\",\"type_id\":13,\"url\":\"https:\\/\\/crm.triplejetsettlement.com\\/clients\\/13\",\"action\":\"created\"}',NULL,'2017-09-19 18:45:12','2017-09-19 18:45:12'),('57d2fffa-e4c9-4837-9adb-bfcd35882428','App\\Notifications\\DebtActionNotification',2,'App\\Models\\User','{\"assigned_user\":2,\"created_user\":2,\"message\":\"Busy Bee Developmental Learning Center was completed by Alex Portugal\",\"type\":\"App\\\\Models\\\\Debt\",\"type_id\":6,\"url\":\"https:\\/\\/crm.triplejetsettlement.com\\/debts\\/6\",\"action\":\"updated_status\"}',NULL,'2017-10-12 23:19:59','2017-10-12 23:19:59'),('587a6573-4d78-44b2-868c-12b13915c3b9','App\\Notifications\\DebtActionNotification',2,'App\\Models\\User','{\"assigned_user\":2,\"created_user\":5,\"message\":\"Adobe Sign agreement was created for tester\",\"type\":\"App\\\\Models\\\\Debt\",\"type_id\":4,\"url\":\"https:\\/\\/crm.triplejetsettlement.com\\/debts\\/4\",\"action\":\"updated_agreement\"}',NULL,'2017-10-04 17:53:36','2017-10-04 17:53:36'),('5924bf3a-1d39-48b6-934d-a6a9318b106a','App\\Notifications\\DebtActionNotification',2,'App\\Models\\User','{\"assigned_user\":2,\"created_user\":6,\"message\":\"Adobe Sign agreement was created for test 54345634\",\"type\":\"App\\\\Models\\\\Debt\",\"type_id\":16,\"url\":\"https:\\/\\/crm.triplejetsettlement.com\\/debts\\/16\",\"action\":\"updated_agreement\"}',NULL,'2017-09-28 20:32:29','2017-09-28 20:32:29'),('596fc78e-f984-4568-a3b7-dda4b34031c8','App\\Notifications\\ClientActionNotification',2,'App\\Models\\User','{\"assigned_user\":2,\"created_user\":2,\"message\":\"Client TURTLE TOTS ACADEMY LLC                                     . was assigned to you\",\"type\":\"App\\\\Models\\\\Client\",\"type_id\":5,\"url\":\"http:\\/\\/crm.squareonesettlement.com\\/clients\\/5\",\"action\":\"created\"}',NULL,'2017-09-05 21:24:42','2017-09-05 21:24:42'),('599aca97-a85a-4db3-8d6b-442c5e912898','App\\Notifications\\LeadActionNotification',2,'App\\Models\\User','{\"assigned_user\":2,\"created_user\":2,\"message\":\"Metal Fortress Radio LLC was completed by Alex Portugal\",\"type\":\"App\\\\Models\\\\Lead\",\"type_id\":3,\"url\":\"https:\\/\\/crm.triplejetsettlement.com\\/leads\\/3\",\"action\":\"updated_status\"}',NULL,'2017-09-22 20:10:51','2017-09-22 20:10:51'),('5e1960ee-4b5b-4b85-98a4-525061f01868','App\\Notifications\\ClientActionNotification',2,'App\\Models\\User','{\"assigned_user\":2,\"created_user\":2,\"message\":\"Client Digger Dan LLC was assigned to you\",\"type\":\"App\\\\Models\\\\Client\",\"type_id\":31,\"url\":\"https:\\/\\/crm.triplejetsettlement.com\\/clients\\/31\",\"action\":\"created\"}',NULL,'2017-10-23 18:11:37','2017-10-23 18:11:37'),('5effcd42-b03c-49ae-a512-4d6bfe8dd26c','App\\Notifications\\LeadActionNotification',2,'App\\Models\\User','{\"assigned_user\":2,\"created_user\":2,\"message\":\"Sky Dive Marana was completed by Alex Portugal\",\"type\":\"App\\\\Models\\\\Lead\",\"type_id\":10,\"url\":\"https:\\/\\/crm.triplejetsettlement.com\\/leads\\/10\",\"action\":\"updated_status\"}',NULL,'2017-09-22 20:11:05','2017-09-22 20:11:05'),('6163ea12-89c3-4240-ba69-7e20ab22ad72','App\\Notifications\\DebtActionNotification',2,'App\\Models\\User','{\"assigned_user\":2,\"created_user\":2,\"message\":\"Oscar Moarles was created by Alex Portugal and assigned to you\",\"type\":\"App\\\\Models\\\\Debt\",\"type_id\":20,\"url\":\"https:\\/\\/crm.triplejetsettlement.com\\/debts\\/20\",\"action\":\"created\"}',NULL,'2017-10-20 18:42:32','2017-10-20 18:42:32'),('629a628c-524d-49c9-a2be-8b3d445134b7','App\\Notifications\\DebtActionNotification',2,'App\\Models\\User','{\"assigned_user\":2,\"created_user\":2,\"message\":\"Adobe Sign agreement was created for Davis Metal\",\"type\":\"App\\\\Models\\\\Debt\",\"type_id\":13,\"url\":\"https:\\/\\/crm.triplejetsettlement.com\\/debts\\/13\",\"action\":\"updated_agreement\"}',NULL,'2017-09-28 21:52:23','2017-09-28 21:52:23'),('6370a568-57e6-4f56-8045-01a7fc56693e','App\\Notifications\\ClientActionNotification',2,'App\\Models\\User','{\"assigned_user\":2,\"created_user\":2,\"message\":\"Client Wayne Auto Collision & Sales INC was assigned to you\",\"type\":\"App\\\\Models\\\\Client\",\"type_id\":7,\"url\":\"http:\\/\\/crm.triplejetsettlement.com\\/clients\\/7\",\"action\":\"created\"}',NULL,'2017-09-12 00:35:52','2017-09-12 00:35:52'),('642b85eb-932d-4cfa-903e-2328b35d37d3','App\\Notifications\\DebtActionNotification',2,'App\\Models\\User','{\"assigned_user\":2,\"created_user\":2,\"message\":\"Adobe Sign agreement was created for Wesley Charles\",\"type\":\"App\\\\Models\\\\Debt\",\"type_id\":3,\"url\":\"https:\\/\\/crm.triplejetsettlement.com\\/debts\\/3\",\"action\":\"updated_agreement\"}',NULL,'2017-10-06 16:17:24','2017-10-06 16:17:24'),('642c487b-f67b-4646-8a49-deaeb5206a6c','App\\Notifications\\DebtActionNotification',2,'App\\Models\\User','{\"assigned_user\":2,\"created_user\":2,\"message\":\"Adobe Sign agreement was created for Peter Mccarthy\",\"type\":\"App\\\\Models\\\\Debt\",\"type_id\":18,\"url\":\"https:\\/\\/crm.triplejetsettlement.com\\/debts\\/18\",\"action\":\"updated_agreement\"}',NULL,'2017-10-19 18:15:46','2017-10-19 18:15:46'),('64ecec4a-0c20-42ff-ae73-b9af93c9d5f6','App\\Notifications\\LeadActionNotification',2,'App\\Models\\User','{\"assigned_user\":2,\"created_user\":2,\"message\":\"Grefe\'s Auto Service LLC was completed by Alex Portugal\",\"type\":\"App\\\\Models\\\\Lead\",\"type_id\":8,\"url\":\"https:\\/\\/crm.triplejetsettlement.com\\/leads\\/8\",\"action\":\"updated_status\"}',NULL,'2017-09-22 20:03:45','2017-09-22 20:03:45'),('65b5d73c-8b8a-4418-af2a-cdb5d2991cbe','App\\Notifications\\ClientActionNotification',2,'App\\Models\\User','{\"assigned_user\":2,\"created_user\":5,\"message\":\"Mehdi Metidji assigned 1st Division EMS to you\",\"type\":\"App\\\\Models\\\\Client\",\"type_id\":26,\"url\":\"https:\\/\\/crm.triplejetsettlement.com\\/clients\\/26\",\"action\":\"updated_assign\"}',NULL,'2017-10-21 00:39:23','2017-10-21 00:39:23'),('67c5c72d-41d4-4343-a548-ba2aa43f7650','App\\Notifications\\DebtActionNotification',2,'App\\Models\\User','{\"assigned_user\":2,\"created_user\":2,\"message\":\"All Mine was completed by Alex Portugal\",\"type\":\"App\\\\Models\\\\Debt\",\"type_id\":14,\"url\":\"https:\\/\\/crm.triplejetsettlement.com\\/debts\\/14\",\"action\":\"updated_status\"}',NULL,'2017-10-12 23:17:47','2017-10-12 23:17:47'),('69468cd7-ce8d-426d-843a-10e61fa9a9ff','App\\Notifications\\DebtActionNotification',2,'App\\Models\\User','{\"assigned_user\":2,\"created_user\":6,\"message\":\"test 4554 was created by Garry Davydov and assigned to you\",\"type\":\"App\\\\Models\\\\Debt\",\"type_id\":15,\"url\":\"https:\\/\\/crm.triplejetsettlement.com\\/debts\\/15\",\"action\":\"created\"}',NULL,'2017-09-28 20:30:03','2017-09-28 20:30:03'),('70d4074c-d37e-4140-aa41-e0f9ded4e95b','App\\Notifications\\DebtActionNotification',2,'App\\Models\\User','{\"assigned_user\":2,\"created_user\":2,\"message\":\"Davis Metal was completed by Alex Portugal\",\"type\":\"App\\\\Models\\\\Debt\",\"type_id\":13,\"url\":\"https:\\/\\/crm.triplejetsettlement.com\\/debts\\/13\",\"action\":\"updated_status\"}',NULL,'2017-09-28 23:43:20','2017-09-28 23:43:20'),('712455e8-2322-46fe-8f93-02183d0763e7','App\\Notifications\\DebtActionNotification',2,'App\\Models\\User','{\"assigned_user\":2,\"created_user\":2,\"message\":\"Adobe Sign agreement was created for william\",\"type\":\"App\\\\Models\\\\Debt\",\"type_id\":18,\"url\":\"https:\\/\\/crm.triplejetsettlement.com\\/debts\\/18\",\"action\":\"updated_agreement\"}',NULL,'2017-10-01 03:40:33','2017-10-01 03:40:33'),('71558682-9f67-43b2-8fe6-ffe1953bb29c','App\\Notifications\\ClientActionNotification',1,'App\\Models\\User','{\"assigned_user\":1,\"created_user\":2,\"message\":\"Client 1st Division EMS was assigned to you\",\"type\":\"App\\\\Models\\\\Client\",\"type_id\":26,\"url\":\"https:\\/\\/crm.triplejetsettlement.com\\/clients\\/26\",\"action\":\"created\"}',NULL,'2017-10-18 19:43:35','2017-10-18 19:43:35'),('71ddb190-1f47-4b10-94a3-ffa5f86d0272','App\\Notifications\\DebtActionNotification',2,'App\\Models\\User','{\"assigned_user\":2,\"created_user\":2,\"message\":\"Adobe Sign agreement was created for Busy Bee Developmental Learning Center\",\"type\":\"App\\\\Models\\\\Debt\",\"type_id\":6,\"url\":\"https:\\/\\/crm.triplejetsettlement.com\\/debts\\/6\",\"action\":\"updated_agreement\"}',NULL,'2017-10-09 20:22:39','2017-10-09 20:22:39'),('751567e8-2560-42fd-9465-b5171dbf5e5c','App\\Notifications\\ClientActionNotification',6,'App\\Models\\User','{\"assigned_user\":6,\"created_user\":2,\"message\":\"Client RSC MechanicVCINC was assigned to you\",\"type\":\"App\\\\Models\\\\Client\",\"type_id\":18,\"url\":\"https:\\/\\/crm.triplejetsettlement.com\\/clients\\/18\",\"action\":\"created\"}','2017-10-24 00:43:31','2017-10-06 00:07:40','2017-10-24 00:43:31'),('7857cf08-f215-4b4e-8266-8b551a317239','App\\Notifications\\DebtActionNotification',2,'App\\Models\\User','{\"assigned_user\":2,\"created_user\":2,\"message\":\"Adobe Sign agreement was created for Lorin Croce\",\"type\":\"App\\\\Models\\\\Debt\",\"type_id\":21,\"url\":\"https:\\/\\/crm.triplejetsettlement.com\\/debts\\/21\",\"action\":\"updated_agreement\"}',NULL,'2017-10-20 20:25:14','2017-10-20 20:25:14'),('7997e403-54b6-4882-aed0-c9fa0f94dd96','App\\Notifications\\DebtActionNotification',2,'App\\Models\\User','{\"assigned_user\":2,\"created_user\":2,\"message\":\"Adobe Sign agreement was created for Alcapone Foster\",\"type\":\"App\\\\Models\\\\Debt\",\"type_id\":17,\"url\":\"https:\\/\\/crm.triplejetsettlement.com\\/debts\\/17\",\"action\":\"updated_agreement\"}',NULL,'2017-10-18 21:43:09','2017-10-18 21:43:09'),('7a07e059-6bfe-4b41-98b5-9d7f95ee5733','App\\Notifications\\DebtActionNotification',2,'App\\Models\\User','{\"assigned_user\":2,\"created_user\":6,\"message\":\"Adobe Sign agreement was created for test 4554\",\"type\":\"App\\\\Models\\\\Debt\",\"type_id\":15,\"url\":\"https:\\/\\/crm.triplejetsettlement.com\\/debts\\/15\",\"action\":\"updated_agreement\"}',NULL,'2017-09-28 20:30:12','2017-09-28 20:30:12'),('7b98ce13-ad4c-4335-a9ef-bd69153520b5','App\\Notifications\\DebtActionNotification',2,'App\\Models\\User','{\"assigned_user\":2,\"created_user\":2,\"message\":\"Adobe Sign agreement was created for Davis Metal\",\"type\":\"App\\\\Models\\\\Debt\",\"type_id\":13,\"url\":\"https:\\/\\/crm.triplejetsettlement.com\\/debts\\/13\",\"action\":\"updated_agreement\"}',NULL,'2017-09-28 21:41:07','2017-09-28 21:41:07'),('7bf207ad-9a75-4bdd-9af5-ac31f78b4c66','App\\Notifications\\ClientActionNotification',1,'App\\Models\\User','{\"assigned_user\":1,\"created_user\":2,\"message\":\"Client Forum Outdoor Designs LLC was assigned to you\",\"type\":\"App\\\\Models\\\\Client\",\"type_id\":14,\"url\":\"https:\\/\\/crm.triplejetsettlement.com\\/clients\\/14\",\"action\":\"created\"}','2017-10-02 03:31:46','2017-09-29 19:01:29','2017-10-02 03:31:46'),('7d9e463d-c57e-4914-8fb7-c81c0e82bb25','App\\Notifications\\DebtActionNotification',2,'App\\Models\\User','{\"assigned_user\":2,\"created_user\":2,\"message\":\"Testicles was created by Alex Portugal and assigned to you\",\"type\":\"App\\\\Models\\\\Debt\",\"type_id\":9,\"url\":\"https:\\/\\/crm.triplejetsettlement.com\\/debts\\/9\",\"action\":\"created\"}',NULL,'2017-09-26 21:00:29','2017-09-26 21:00:29'),('7ef01252-9d61-4a7f-bc8f-bead73435569','App\\Notifications\\LeadActionNotification',2,'App\\Models\\User','{\"assigned_user\":2,\"created_user\":2,\"message\":\"Bench Craft Custom Wood Work was completed by Alex Portugal\",\"type\":\"App\\\\Models\\\\Lead\",\"type_id\":5,\"url\":\"http:\\/\\/crm.triplejetsettlement.com\\/leads\\/5\",\"action\":\"updated_status\"}',NULL,'2017-09-13 21:54:04','2017-09-13 21:54:04'),('7f0c96c6-44f3-41d8-9eea-5737d5b4e4c0','App\\Notifications\\LeadActionNotification',2,'App\\Models\\User','{\"assigned_user\":2,\"created_user\":2,\"message\":\"Mark Hogue was completed by Alex Portugal\",\"type\":\"App\\\\Models\\\\Lead\",\"type_id\":1,\"url\":\"https:\\/\\/crm.triplejetsettlement.com\\/leads\\/1\",\"action\":\"updated_status\"}',NULL,'2017-09-22 20:10:43','2017-09-22 20:10:43'),('7f8f2997-5af1-4e09-97e0-417d5708228f','App\\Notifications\\DebtActionNotification',2,'App\\Models\\User','{\"assigned_user\":2,\"created_user\":2,\"message\":\"Grefe\'s Auto Service LLC was completed by Alex Portugal\",\"type\":\"App\\\\Models\\\\Debt\",\"type_id\":7,\"url\":\"http:\\/\\/crm.triplejetsettlement.com\\/debts\\/7\",\"action\":\"updated_status\"}',NULL,'2017-09-15 20:34:21','2017-09-15 20:34:21'),('88c9e2b8-363d-4c7f-b0ab-75d845ca6feb','App\\Notifications\\DebtActionNotification',2,'App\\Models\\User','{\"assigned_user\":2,\"created_user\":2,\"message\":\"R  C Builders of Ashton was created by Alex Portugal and assigned to you\",\"type\":\"App\\\\Models\\\\Debt\",\"type_id\":6,\"url\":\"http:\\/\\/crm.triplejetsettlement.com\\/debts\\/6\",\"action\":\"created\"}',NULL,'2017-09-14 15:57:36','2017-09-14 15:57:36'),('892a50c6-6310-4c69-b449-f1a12d5c99f5','App\\Notifications\\DebtActionNotification',2,'App\\Models\\User','{\"assigned_user\":2,\"created_user\":5,\"message\":\"tester was created by Mehdi Metidji and assigned to you\",\"type\":\"App\\\\Models\\\\Debt\",\"type_id\":4,\"url\":\"https:\\/\\/crm.triplejetsettlement.com\\/debts\\/4\",\"action\":\"created\"}',NULL,'2017-10-04 17:39:38','2017-10-04 17:39:38'),('8968a5d7-6a7a-4fa8-88fe-ea3ea2bf890c','App\\Notifications\\DebtActionNotification',2,'App\\Models\\User','{\"assigned_user\":2,\"created_user\":2,\"message\":\"Shazad was created by Alex Portugal and assigned to you\",\"type\":\"App\\\\Models\\\\Debt\",\"type_id\":3,\"url\":\"http:\\/\\/crm.triplejetsettlement.com\\/debts\\/3\",\"action\":\"created\"}',NULL,'2017-09-14 13:39:19','2017-09-14 13:39:19'),('8998c3cd-77cd-447c-bd42-c5c1c9ee3915','App\\Notifications\\TaskActionNotification',2,'App\\Models\\User','{\"assigned_user\":2,\"created_user\":2,\"message\":\"Alex Check was completed by Alex Portugal\",\"type\":\"App\\\\Models\\\\Task\",\"type_id\":3,\"url\":\"https:\\/\\/crm.triplejetsettlement.com\\/tasks\\/3\",\"action\":\"updated_status\"}',NULL,'2017-10-06 22:41:11','2017-10-06 22:41:11'),('8c65d4c2-6118-4d27-92dc-3e28dfc07091','App\\Notifications\\DebtActionNotification',2,'App\\Models\\User','{\"assigned_user\":2,\"created_user\":6,\"message\":\"test 54345634 was created by Garry Davydov and assigned to you\",\"type\":\"App\\\\Models\\\\Debt\",\"type_id\":16,\"url\":\"https:\\/\\/crm.triplejetsettlement.com\\/debts\\/16\",\"action\":\"created\"}',NULL,'2017-09-28 20:32:22','2017-09-28 20:32:22'),('8cd988e0-863a-445b-95bb-83f85365544c','App\\Notifications\\DebtActionNotification',2,'App\\Models\\User','{\"assigned_user\":2,\"created_user\":2,\"message\":\"Adobe Sign agreement was created for Deborah Moerland\",\"type\":\"App\\\\Models\\\\Debt\",\"type_id\":13,\"url\":\"https:\\/\\/crm.triplejetsettlement.com\\/debts\\/13\",\"action\":\"updated_agreement\"}',NULL,'2017-10-11 20:19:08','2017-10-11 20:19:08'),('8ef08f52-dd73-4ca1-8b61-96e494eafdd5','App\\Notifications\\DebtActionNotification',2,'App\\Models\\User','{\"assigned_user\":2,\"created_user\":2,\"message\":\"Balls was created by Alex Portugal and assigned to you\",\"type\":\"App\\\\Models\\\\Debt\",\"type_id\":10,\"url\":\"https:\\/\\/crm.triplejetsettlement.com\\/debts\\/10\",\"action\":\"created\"}',NULL,'2017-09-26 22:36:18','2017-09-26 22:36:18'),('91f75edb-87c1-4331-8711-d0ed1e4253bc','App\\Notifications\\DebtActionNotification',2,'App\\Models\\User','{\"assigned_user\":2,\"created_user\":2,\"message\":\"Chad Kovarik was created by Alex Portugal and assigned to you\",\"type\":\"App\\\\Models\\\\Debt\",\"type_id\":9,\"url\":\"https:\\/\\/crm.triplejetsettlement.com\\/debts\\/9\",\"action\":\"created\"}',NULL,'2017-10-07 00:17:10','2017-10-07 00:17:10'),('93c1fb31-144c-4821-ae8e-6f603edb4db1','App\\Notifications\\TaskActionNotification',2,'App\\Models\\User','{\"assigned_user\":2,\"created_user\":2,\"message\":\"Moonarh LLC was created by Alex Portugal, and assigned to you\",\"type\":\"App\\\\Models\\\\Task\",\"type_id\":6,\"url\":\"https:\\/\\/crm.triplejetsettlement.com\\/tasks\\/6\",\"action\":\"created\"}',NULL,'2017-10-18 19:16:03','2017-10-18 19:16:03'),('9521d47a-8193-4f64-8a62-2891deda890c','App\\Notifications\\DebtActionNotification',2,'App\\Models\\User','{\"assigned_user\":2,\"created_user\":2,\"message\":\"Vishaal Melwani was created by Alex Portugal and assigned to you\",\"type\":\"App\\\\Models\\\\Debt\",\"type_id\":8,\"url\":\"https:\\/\\/crm.triplejetsettlement.com\\/debts\\/8\",\"action\":\"created\"}',NULL,'2017-10-06 20:07:15','2017-10-06 20:07:15'),('960a9bad-52ce-4645-8353-df767cdffe12','App\\Notifications\\DebtActionNotification',2,'App\\Models\\User','{\"assigned_user\":2,\"created_user\":2,\"message\":\"Adobe Sign agreement was created for william\",\"type\":\"App\\\\Models\\\\Debt\",\"type_id\":18,\"url\":\"https:\\/\\/crm.triplejetsettlement.com\\/debts\\/18\",\"action\":\"updated_agreement\"}',NULL,'2017-10-01 03:03:56','2017-10-01 03:03:56'),('965cec4d-09ec-4e40-92c1-5bfe4f00f479','App\\Notifications\\DebtActionNotification',2,'App\\Models\\User','{\"assigned_user\":2,\"created_user\":2,\"message\":\"Wesley Charles was created by Alex Portugal and assigned to you\",\"type\":\"App\\\\Models\\\\Debt\",\"type_id\":3,\"url\":\"https:\\/\\/crm.triplejetsettlement.com\\/debts\\/3\",\"action\":\"created\"}',NULL,'2017-10-02 19:43:57','2017-10-02 19:43:57'),('96f47951-cb3f-42f8-ad7f-a4798faf7318','App\\Notifications\\DebtActionNotification',2,'App\\Models\\User','{\"assigned_user\":2,\"created_user\":2,\"message\":\"Adobe Sign agreement was created for Peter Mccarthy\",\"type\":\"App\\\\Models\\\\Debt\",\"type_id\":18,\"url\":\"https:\\/\\/crm.triplejetsettlement.com\\/debts\\/18\",\"action\":\"updated_agreement\"}',NULL,'2017-10-19 18:12:13','2017-10-19 18:12:13'),('97ca384f-32c5-4e5d-849a-128218ff80eb','App\\Notifications\\DebtActionNotification',2,'App\\Models\\User','{\"assigned_user\":2,\"created_user\":2,\"message\":\"Adobe Sign agreement was created for Peter Mccarthy\",\"type\":\"App\\\\Models\\\\Debt\",\"type_id\":18,\"url\":\"https:\\/\\/crm.triplejetsettlement.com\\/debts\\/18\",\"action\":\"updated_agreement\"}',NULL,'2017-10-19 18:11:44','2017-10-19 18:11:44'),('9b76701f-05eb-4638-8a2c-a91e74c02f74','App\\Notifications\\ClientActionNotification',2,'App\\Models\\User','{\"assigned_user\":2,\"created_user\":2,\"message\":\"Client C K Prime Investments INC was assigned to you\",\"type\":\"App\\\\Models\\\\Client\",\"type_id\":19,\"url\":\"https:\\/\\/crm.triplejetsettlement.com\\/clients\\/19\",\"action\":\"created\"}',NULL,'2017-10-07 00:14:56','2017-10-07 00:14:56'),('9c2b5e64-6d42-49ba-b907-024f4024424d','App\\Notifications\\ClientActionNotification',2,'App\\Models\\User','{\"assigned_user\":2,\"created_user\":5,\"message\":\"Client Rc Builders of Ashton was assigned to you\",\"type\":\"App\\\\Models\\\\Client\",\"type_id\":32,\"url\":\"https:\\/\\/crm.triplejetsettlement.com\\/clients\\/32\",\"action\":\"created\"}',NULL,'2017-10-24 01:09:59','2017-10-24 01:09:59'),('9e72ec8b-0d1d-403d-b2b7-fffb889d04b9','App\\Notifications\\DebtActionNotification',2,'App\\Models\\User','{\"assigned_user\":2,\"created_user\":2,\"message\":\"Adobe Sign agreement was created for Davis Metal\",\"type\":\"App\\\\Models\\\\Debt\",\"type_id\":13,\"url\":\"https:\\/\\/crm.triplejetsettlement.com\\/debts\\/13\",\"action\":\"updated_agreement\"}',NULL,'2017-09-28 21:59:27','2017-09-28 21:59:27'),('9e7650c6-92ed-4221-9dc5-515757b204bc','App\\Notifications\\DebtActionNotification',2,'App\\Models\\User','{\"assigned_user\":2,\"created_user\":2,\"message\":\"Adobe Sign agreement was created for Busy Bee Developmental Learning Center\",\"type\":\"App\\\\Models\\\\Debt\",\"type_id\":6,\"url\":\"https:\\/\\/crm.triplejetsettlement.com\\/debts\\/6\",\"action\":\"updated_agreement\"}',NULL,'2017-10-09 20:15:37','2017-10-09 20:15:37'),('9f60e4ae-1b42-4c25-aefd-eb2d508dfbd3','App\\Notifications\\ClientActionNotification',2,'App\\Models\\User','{\"assigned_user\":2,\"created_user\":2,\"message\":\"Client Village of Nanny Glo was assigned to you\",\"type\":\"App\\\\Models\\\\Client\",\"type_id\":30,\"url\":\"https:\\/\\/crm.triplejetsettlement.com\\/clients\\/30\",\"action\":\"created\"}',NULL,'2017-10-20 20:21:00','2017-10-20 20:21:00'),('a07081f8-8d5d-44dd-b74b-7d3465d965e5','App\\Notifications\\ClientActionNotification',2,'App\\Models\\User','{\"assigned_user\":2,\"created_user\":2,\"message\":\"Client FirstLight HomeCare was assigned to you\",\"type\":\"App\\\\Models\\\\Client\",\"type_id\":21,\"url\":\"https:\\/\\/crm.triplejetsettlement.com\\/clients\\/21\",\"action\":\"created\"}',NULL,'2017-10-11 20:07:56','2017-10-11 20:07:56'),('a0ae066e-8a31-4390-bce3-027836690cff','App\\Notifications\\DebtActionNotification',2,'App\\Models\\User','{\"assigned_user\":2,\"created_user\":2,\"message\":\"Adobe Sign agreement was created for John Des Rosiers\",\"type\":\"App\\\\Models\\\\Debt\",\"type_id\":19,\"url\":\"https:\\/\\/crm.triplejetsettlement.com\\/debts\\/19\",\"action\":\"updated_agreement\"}',NULL,'2017-10-19 21:45:45','2017-10-19 21:45:45'),('a2b31c2c-6b1a-41f9-bc00-20d512035896','App\\Notifications\\DebtActionNotification',2,'App\\Models\\User','{\"assigned_user\":2,\"created_user\":2,\"message\":\"Man Lover was created by Alex Portugal and assigned to you\",\"type\":\"App\\\\Models\\\\Debt\",\"type_id\":1,\"url\":\"https:\\/\\/crm.triplejetsettlement.com\\/debts\\/1\",\"action\":\"created\"}',NULL,'2017-10-02 04:37:09','2017-10-02 04:37:09'),('a3810c68-a66e-4a53-a6cb-e4d477c84286','App\\Notifications\\DebtActionNotification',2,'App\\Models\\User','{\"assigned_user\":2,\"created_user\":2,\"message\":\"Busy Bee Developmental Learning Center was created by Alex Portugal and assigned to you\",\"type\":\"App\\\\Models\\\\Debt\",\"type_id\":6,\"url\":\"https:\\/\\/crm.triplejetsettlement.com\\/debts\\/6\",\"action\":\"created\"}',NULL,'2017-10-05 18:57:31','2017-10-05 18:57:31'),('ab0502d2-af51-4f4f-b6a3-c016accaeb36','App\\Notifications\\DebtActionNotification',2,'App\\Models\\User','{\"assigned_user\":2,\"created_user\":2,\"message\":\"Bench Craft Custom Wood Work was completed by Alex Portugal\",\"type\":\"App\\\\Models\\\\Debt\",\"type_id\":15,\"url\":\"https:\\/\\/crm.triplejetsettlement.com\\/debts\\/15\",\"action\":\"updated_status\"}',NULL,'2017-10-12 23:24:45','2017-10-12 23:24:45'),('ad34ec27-4284-41f7-9fee-a3c15ad02ac9','App\\Notifications\\DebtActionNotification',2,'App\\Models\\User','{\"assigned_user\":2,\"created_user\":2,\"message\":\"Adobe Sign agreement was created for Davis Metal\",\"type\":\"App\\\\Models\\\\Debt\",\"type_id\":13,\"url\":\"https:\\/\\/crm.triplejetsettlement.com\\/debts\\/13\",\"action\":\"updated_agreement\"}',NULL,'2017-09-28 18:24:42','2017-09-28 18:24:42'),('ad79456b-1530-4eb8-ac71-96e78723b57d','App\\Notifications\\ClientActionNotification',2,'App\\Models\\User','{\"assigned_user\":2,\"created_user\":2,\"message\":\"Client Bench Craft Custom Wood Work was assigned to you\",\"type\":\"App\\\\Models\\\\Client\",\"type_id\":8,\"url\":\"http:\\/\\/crm.triplejetsettlement.com\\/clients\\/8\",\"action\":\"created\"}',NULL,'2017-09-12 17:41:57','2017-09-12 17:41:57'),('af3c0187-f553-41ea-b3b4-b743618a4070','App\\Notifications\\DebtActionNotification',2,'App\\Models\\User','{\"assigned_user\":2,\"created_user\":2,\"message\":\"open2 was created by Alex Portugal and assigned to you\",\"type\":\"App\\\\Models\\\\Debt\",\"type_id\":4,\"url\":\"http:\\/\\/crm.triplejetsettlement.com\\/debts\\/4\",\"action\":\"created\"}',NULL,'2017-09-14 13:45:17','2017-09-14 13:45:17'),('af4752ef-7e80-45de-a999-ae99006edf7a','App\\Notifications\\DebtActionNotification',2,'App\\Models\\User','{\"assigned_user\":2,\"created_user\":2,\"message\":\"Adobe Sign agreement was created for Busy Bee Developmental Learning Center\",\"type\":\"App\\\\Models\\\\Debt\",\"type_id\":6,\"url\":\"https:\\/\\/crm.triplejetsettlement.com\\/debts\\/6\",\"action\":\"updated_agreement\"}',NULL,'2017-10-05 19:01:06','2017-10-05 19:01:06'),('b2b4432b-a827-4236-93cf-3ede264506a1','App\\Notifications\\DebtActionNotification',2,'App\\Models\\User','{\"assigned_user\":2,\"created_user\":5,\"message\":\"Adobe Sign agreement was created for tester\",\"type\":\"App\\\\Models\\\\Debt\",\"type_id\":24,\"url\":\"https:\\/\\/crm.triplejetsettlement.com\\/debts\\/24\",\"action\":\"updated_agreement\"}',NULL,'2017-10-27 18:19:41','2017-10-27 18:19:41'),('b31c8b03-827e-4d59-964f-601bb394b673','App\\Notifications\\DebtActionNotification',2,'App\\Models\\User','{\"assigned_user\":2,\"created_user\":2,\"message\":\"Monday  was created by Alex Portugal and assigned to you\",\"type\":\"App\\\\Models\\\\Debt\",\"type_id\":2,\"url\":\"https:\\/\\/crm.triplejetsettlement.com\\/debts\\/2\",\"action\":\"created\"}',NULL,'2017-10-02 17:51:57','2017-10-02 17:51:57'),('b3795457-37bf-44ec-9024-70903f884101','App\\Notifications\\DebtActionNotification',2,'App\\Models\\User','{\"assigned_user\":2,\"created_user\":2,\"message\":\"John Des Rosiers was created by Alex Portugal and assigned to you\",\"type\":\"App\\\\Models\\\\Debt\",\"type_id\":19,\"url\":\"https:\\/\\/crm.triplejetsettlement.com\\/debts\\/19\",\"action\":\"created\"}',NULL,'2017-10-19 20:22:20','2017-10-19 20:22:20'),('b4997596-86bb-4395-82cd-891f8121c5c1','App\\Notifications\\DebtActionNotification',2,'App\\Models\\User','{\"assigned_user\":2,\"created_user\":2,\"message\":\"Alcapone Foster was created by Alex Portugal and assigned to you\",\"type\":\"App\\\\Models\\\\Debt\",\"type_id\":17,\"url\":\"https:\\/\\/crm.triplejetsettlement.com\\/debts\\/17\",\"action\":\"created\"}',NULL,'2017-10-18 21:38:42','2017-10-18 21:38:42'),('b54e83e1-7c5a-40cf-9e8e-d33ff5bf8612','App\\Notifications\\DebtActionNotification',2,'App\\Models\\User','{\"assigned_user\":2,\"created_user\":2,\"message\":\"Testicles was completed by Alex Portugal\",\"type\":\"App\\\\Models\\\\Debt\",\"type_id\":9,\"url\":\"https:\\/\\/crm.triplejetsettlement.com\\/debts\\/9\",\"action\":\"updated_status\"}',NULL,'2017-09-26 21:15:00','2017-09-26 21:15:00'),('b5dde3a2-74e4-421c-a6fb-840636be767d','App\\Notifications\\ClientActionNotification',5,'App\\Models\\User','{\"assigned_user\":5,\"created_user\":7,\"message\":\"Client tjs was assigned to you\",\"type\":\"App\\\\Models\\\\Client\",\"type_id\":15,\"url\":\"https:\\/\\/crm.triplejetsettlement.com\\/clients\\/15\",\"action\":\"created\"}',NULL,'2017-09-29 23:00:44','2017-09-29 23:00:44'),('b64a84d1-9005-42d3-a813-9ece2f7c1613','App\\Notifications\\DebtActionNotification',2,'App\\Models\\User','{\"assigned_user\":2,\"created_user\":2,\"message\":\"Adobe Sign agreement was created for John Des Rosiers\",\"type\":\"App\\\\Models\\\\Debt\",\"type_id\":19,\"url\":\"https:\\/\\/crm.triplejetsettlement.com\\/debts\\/19\",\"action\":\"updated_agreement\"}',NULL,'2017-10-19 21:46:18','2017-10-19 21:46:18'),('b70162aa-fb43-493c-be01-e8e6f8c516f5','App\\Notifications\\ClientActionNotification',2,'App\\Models\\User','{\"assigned_user\":2,\"created_user\":2,\"message\":\"Alex Portugal assigned Forum Outdoor Designs LLC to you\",\"type\":\"App\\\\Models\\\\Client\",\"type_id\":14,\"url\":\"https:\\/\\/crm.triplejetsettlement.com\\/clients\\/14\",\"action\":\"updated_assign\"}',NULL,'2017-10-10 23:52:20','2017-10-10 23:52:20'),('b7b01fa1-18ef-4554-8ce7-75356ca2cc6c','App\\Notifications\\LeadActionNotification',2,'App\\Models\\User','{\"assigned_user\":2,\"created_user\":2,\"message\":\"Sky Dive Marana was created by Alex Portugal and assigned to you\",\"type\":\"App\\\\Models\\\\Lead\",\"type_id\":10,\"url\":\"https:\\/\\/crm.triplejetsettlement.com\\/leads\\/10\",\"action\":\"created\"}',NULL,'2017-09-19 20:46:34','2017-09-19 20:46:34'),('b8d15b64-6df6-4da0-9238-037faa82b9a8','App\\Notifications\\DebtActionNotification',2,'App\\Models\\User','{\"assigned_user\":2,\"created_user\":2,\"message\":\"Adobe Sign agreement was created for WOW\",\"type\":\"App\\\\Models\\\\Debt\",\"type_id\":11,\"url\":\"https:\\/\\/crm.triplejetsettlement.com\\/debts\\/11\",\"action\":\"updated_agreement\"}',NULL,'2017-09-27 17:02:49','2017-09-27 17:02:49'),('b95ce480-b000-4e51-b83a-17fd743a1fc6','App\\Notifications\\DebtActionNotification',2,'App\\Models\\User','{\"assigned_user\":2,\"created_user\":2,\"message\":\"Alex Portugal assigned a debt to you\",\"type\":\"App\\\\Models\\\\Debt\",\"type_id\":17,\"url\":\"https:\\/\\/crm.triplejetsettlement.com\\/debts\\/17\",\"action\":\"updated_assign\"}',NULL,'2017-09-29 19:14:50','2017-09-29 19:14:50'),('bc58966e-216e-4ed7-900c-3cbd4390d175','App\\Notifications\\TaskActionNotification',2,'App\\Models\\User','{\"assigned_user\":2,\"created_user\":2,\"message\":\"New Era - Settled 2,300 was created by Alex Portugal, and assigned to you\",\"type\":\"App\\\\Models\\\\Task\",\"type_id\":5,\"url\":\"https:\\/\\/crm.triplejetsettlement.com\\/tasks\\/5\",\"action\":\"created\"}',NULL,'2017-10-13 19:25:12','2017-10-13 19:25:12'),('bc5f45fb-8ab2-4367-b115-286a9f2109ee','App\\Notifications\\DebtActionNotification',2,'App\\Models\\User','{\"assigned_user\":2,\"created_user\":2,\"message\":\"Adobe Sign agreement was created for John Des Rosiers\",\"type\":\"App\\\\Models\\\\Debt\",\"type_id\":19,\"url\":\"https:\\/\\/crm.triplejetsettlement.com\\/debts\\/19\",\"action\":\"updated_agreement\"}',NULL,'2017-10-19 21:48:08','2017-10-19 21:48:08'),('bcee483d-d024-4ca4-aba8-5c16e74d9cc6','App\\Notifications\\DebtActionNotification',2,'App\\Models\\User','{\"assigned_user\":2,\"created_user\":2,\"message\":\"William Schereck was created by Alex Portugal and assigned to you\",\"type\":\"App\\\\Models\\\\Debt\",\"type_id\":12,\"url\":\"https:\\/\\/crm.triplejetsettlement.com\\/debts\\/12\",\"action\":\"created\"}',NULL,'2017-10-10 23:59:38','2017-10-10 23:59:38'),('bd6dd47d-8bc6-4f93-bbb9-d007232e28f1','App\\Notifications\\LeadActionNotification',2,'App\\Models\\User','{\"assigned_user\":2,\"created_user\":2,\"message\":\"Made in the Shade was created by Alex Portugal and assigned to you\",\"type\":\"App\\\\Models\\\\Lead\",\"type_id\":9,\"url\":\"https:\\/\\/crm.triplejetsettlement.com\\/leads\\/9\",\"action\":\"created\"}',NULL,'2017-09-19 18:48:49','2017-09-19 18:48:49'),('be763487-c8c4-4a38-bf5e-0ecdc116dca4','App\\Notifications\\DebtActionNotification',6,'App\\Models\\User','{\"assigned_user\":6,\"created_user\":2,\"message\":\"rsc mechanical  was created by Alex Portugal and assigned to you\",\"type\":\"App\\\\Models\\\\Debt\",\"type_id\":7,\"url\":\"https:\\/\\/crm.triplejetsettlement.com\\/debts\\/7\",\"action\":\"created\"}',NULL,'2017-10-06 00:09:56','2017-10-06 00:09:56'),('c0578a7d-fade-43a8-bd57-6dc50204724d','App\\Notifications\\LeadActionNotification',2,'App\\Models\\User','{\"assigned_user\":2,\"created_user\":2,\"message\":\"Parol Priester was created by Alex Portugal and assigned to you\",\"type\":\"App\\\\Models\\\\Lead\",\"type_id\":13,\"url\":\"https:\\/\\/crm.triplejetsettlement.com\\/leads\\/13\",\"action\":\"created\"}',NULL,'2017-10-24 21:48:27','2017-10-24 21:48:27'),('c09bc875-a3ed-4cb4-a045-2afbcb21faf2','App\\Notifications\\DebtActionNotification',2,'App\\Models\\User','{\"assigned_user\":2,\"created_user\":2,\"message\":\"William Schereck was completed by Alex Portugal\",\"type\":\"App\\\\Models\\\\Debt\",\"type_id\":12,\"url\":\"https:\\/\\/crm.triplejetsettlement.com\\/debts\\/12\",\"action\":\"updated_status\"}',NULL,'2017-10-13 19:22:04','2017-10-13 19:22:04'),('c2d05e9b-e182-4b6a-b1e7-96a8ed060889','App\\Notifications\\DebtActionNotification',2,'App\\Models\\User','{\"assigned_user\":2,\"created_user\":2,\"message\":\"Moonarh LLC was created by Alex Portugal and assigned to you\",\"type\":\"App\\\\Models\\\\Debt\",\"type_id\":16,\"url\":\"https:\\/\\/crm.triplejetsettlement.com\\/debts\\/16\",\"action\":\"created\"}',NULL,'2017-10-18 19:13:51','2017-10-18 19:13:51'),('c31d04cb-8e74-46db-8e96-84e361c78210','App\\Notifications\\LeadActionNotification',2,'App\\Models\\User','{\"assigned_user\":2,\"created_user\":2,\"message\":\"Bench Craft Custom Wood Work was created by Alex Portugal and assigned to you\",\"type\":\"App\\\\Models\\\\Lead\",\"type_id\":5,\"url\":\"http:\\/\\/crm.triplejetsettlement.com\\/leads\\/5\",\"action\":\"created\"}',NULL,'2017-09-12 17:42:54','2017-09-12 17:42:54'),('c4f1abf7-8f51-435b-97fe-48ef83bc5f2f','App\\Notifications\\DebtActionNotification',2,'App\\Models\\User','{\"assigned_user\":2,\"created_user\":2,\"message\":\"Adobe Sign agreement was created for Davis Metal\",\"type\":\"App\\\\Models\\\\Debt\",\"type_id\":13,\"url\":\"https:\\/\\/crm.triplejetsettlement.com\\/debts\\/13\",\"action\":\"updated_agreement\"}',NULL,'2017-09-28 21:37:23','2017-09-28 21:37:23'),('c54df031-673b-4d6b-b113-0b6c46de0c22','App\\Notifications\\LeadActionNotification',2,'App\\Models\\User','{\"assigned_user\":2,\"created_user\":2,\"message\":\"Vishaal  was created by Alex Portugal and assigned to you\",\"type\":\"App\\\\Models\\\\Lead\",\"type_id\":11,\"url\":\"https:\\/\\/crm.triplejetsettlement.com\\/leads\\/11\",\"action\":\"created\"}',NULL,'2017-10-06 19:43:14','2017-10-06 19:43:14'),('c5d89860-41be-415d-9b80-a371bd866808','App\\Notifications\\TaskActionNotification',5,'App\\Models\\User','{\"assigned_user\":5,\"created_user\":2,\"message\":\"WC 8\\/30 - Anthony Ferrell  was completed by Alex Portugal\",\"type\":\"App\\\\Models\\\\Task\",\"type_id\":2,\"url\":\"http:\\/\\/crm.squareonesettlement.com\\/tasks\\/2\",\"action\":\"updated_status\"}',NULL,'2017-08-30 20:21:12','2017-08-30 20:21:12'),('c603f007-701f-487b-888c-5a1a6ea7d54e','App\\Notifications\\DebtActionNotification',2,'App\\Models\\User','{\"assigned_user\":2,\"created_user\":2,\"message\":\"Adobe Sign agreement was created for Davis Metal\",\"type\":\"App\\\\Models\\\\Debt\",\"type_id\":13,\"url\":\"https:\\/\\/crm.triplejetsettlement.com\\/debts\\/13\",\"action\":\"updated_agreement\"}',NULL,'2017-09-28 21:06:56','2017-09-28 21:06:56'),('c8ffe46f-f381-48f7-a9b7-6e40f0759cf1','App\\Notifications\\DebtActionNotification',2,'App\\Models\\User','{\"assigned_user\":2,\"created_user\":2,\"message\":\"Go was created by Alex Portugal and assigned to you\",\"type\":\"App\\\\Models\\\\Debt\",\"type_id\":11,\"url\":\"https:\\/\\/crm.triplejetsettlement.com\\/debts\\/11\",\"action\":\"created\"}',NULL,'2017-10-09 22:43:09','2017-10-09 22:43:09'),('c9cfce35-f8e8-4bd2-8452-85b6640af518','App\\Notifications\\ClientActionNotification',2,'App\\Models\\User','{\"assigned_user\":2,\"created_user\":5,\"message\":\"Client Eladios Demolition was assigned to you\",\"type\":\"App\\\\Models\\\\Client\",\"type_id\":29,\"url\":\"https:\\/\\/crm.triplejetsettlement.com\\/clients\\/29\",\"action\":\"created\"}',NULL,'2017-10-20 18:35:27','2017-10-20 18:35:27'),('cafcff16-2dfd-429b-b963-d36b3a7d560c','App\\Notifications\\DebtActionNotification',2,'App\\Models\\User','{\"assigned_user\":2,\"created_user\":2,\"message\":\"Lorin Croce was completed by Alex Portugal\",\"type\":\"App\\\\Models\\\\Debt\",\"type_id\":21,\"url\":\"https:\\/\\/crm.triplejetsettlement.com\\/debts\\/21\",\"action\":\"updated_status\"}',NULL,'2017-10-20 23:12:40','2017-10-20 23:12:40'),('cb902da4-4624-4f60-bb62-fdb914554d67','App\\Notifications\\DebtActionNotification',2,'App\\Models\\User','{\"assigned_user\":2,\"created_user\":5,\"message\":\"Adobe Sign agreement was created for tester\",\"type\":\"App\\\\Models\\\\Debt\",\"type_id\":4,\"url\":\"https:\\/\\/crm.triplejetsettlement.com\\/debts\\/4\",\"action\":\"updated_agreement\"}',NULL,'2017-10-09 22:27:51','2017-10-09 22:27:51'),('cc1ff258-e3d8-430c-8ed0-6440d0a40e8d','App\\Notifications\\DebtActionNotification',2,'App\\Models\\User','{\"assigned_user\":2,\"created_user\":2,\"message\":\"Adobe Sign agreement was created for carol priester\",\"type\":\"App\\\\Models\\\\Debt\",\"type_id\":23,\"url\":\"https:\\/\\/crm.triplejetsettlement.com\\/debts\\/23\",\"action\":\"updated_agreement\"}',NULL,'2017-10-24 21:58:39','2017-10-24 21:58:39'),('cd40c608-e122-4c01-b477-69479dc5f35e','App\\Notifications\\ClientActionNotification',1,'App\\Models\\User','{\"assigned_user\":1,\"created_user\":2,\"message\":\"Client WC Trucking LLC was assigned to you\",\"type\":\"App\\\\Models\\\\Client\",\"type_id\":16,\"url\":\"https:\\/\\/crm.triplejetsettlement.com\\/clients\\/16\",\"action\":\"created\"}',NULL,'2017-10-02 19:41:26','2017-10-02 19:41:26'),('cd700ad2-2416-498c-b5a7-4780b407c64d','App\\Notifications\\ClientActionNotification',2,'App\\Models\\User','{\"assigned_user\":2,\"created_user\":2,\"message\":\"Client Steps to Solutions INC was assigned to you\",\"type\":\"App\\\\Models\\\\Client\",\"type_id\":27,\"url\":\"https:\\/\\/crm.triplejetsettlement.com\\/clients\\/27\",\"action\":\"created\"}',NULL,'2017-10-19 18:09:23','2017-10-19 18:09:23'),('ce695ab3-afb4-48c1-b010-bac4eab8b0ea','App\\Notifications\\LeadActionNotification',2,'App\\Models\\User','{\"assigned_user\":2,\"created_user\":2,\"message\":\"Wayne Auto Collision & Sales INC was created by Alex Portugal and assigned to you\",\"type\":\"App\\\\Models\\\\Lead\",\"type_id\":4,\"url\":\"http:\\/\\/crm.triplejetsettlement.com\\/leads\\/4\",\"action\":\"created\"}',NULL,'2017-09-12 00:39:03','2017-09-12 00:39:03'),('d0d252f1-da67-4445-b6a4-ff3534cf0a9b','App\\Notifications\\LeadActionNotification',2,'App\\Models\\User','{\"assigned_user\":2,\"created_user\":2,\"message\":\"Donald Trump was created by Alex Portugal and assigned to you\",\"type\":\"App\\\\Models\\\\Lead\",\"type_id\":6,\"url\":\"http:\\/\\/crm.triplejetsettlement.com\\/leads\\/6\",\"action\":\"created\"}',NULL,'2017-09-14 14:00:50','2017-09-14 14:00:50'),('d1d97df6-1238-4671-a424-1fe80e6ba3d5','App\\Notifications\\DebtActionNotification',2,'App\\Models\\User','{\"assigned_user\":2,\"created_user\":2,\"message\":\"Willaim Scherech was created by Alex Portugal and assigned to you\",\"type\":\"App\\\\Models\\\\Debt\",\"type_id\":17,\"url\":\"https:\\/\\/crm.triplejetsettlement.com\\/debts\\/17\",\"action\":\"created\"}',NULL,'2017-09-29 19:05:33','2017-09-29 19:05:33'),('d3dba72e-7994-438e-80b6-d7f8b77a67a4','App\\Notifications\\DebtActionNotification',2,'App\\Models\\User','{\"assigned_user\":2,\"created_user\":2,\"message\":\"Lorin Croce was created by Alex Portugal and assigned to you\",\"type\":\"App\\\\Models\\\\Debt\",\"type_id\":21,\"url\":\"https:\\/\\/crm.triplejetsettlement.com\\/debts\\/21\",\"action\":\"created\"}',NULL,'2017-10-20 20:24:56','2017-10-20 20:24:56'),('d56993b3-a334-4847-bf46-52fe565165fa','App\\Notifications\\DebtActionNotification',2,'App\\Models\\User','{\"assigned_user\":2,\"created_user\":2,\"message\":\"Adobe Sign agreement was created for William Schereck\",\"type\":\"App\\\\Models\\\\Debt\",\"type_id\":12,\"url\":\"https:\\/\\/crm.triplejetsettlement.com\\/debts\\/12\",\"action\":\"updated_agreement\"}',NULL,'2017-10-10 23:59:51','2017-10-10 23:59:51'),('d7e13d89-5823-4cd4-97d9-c530f027406d','App\\Notifications\\DebtActionNotification',2,'App\\Models\\User','{\"assigned_user\":2,\"created_user\":2,\"message\":\"Donald Trump was completed by Alex Portugal\",\"type\":\"App\\\\Models\\\\Debt\",\"type_id\":5,\"url\":\"http:\\/\\/crm.triplejetsettlement.com\\/debts\\/5\",\"action\":\"updated_status\"}',NULL,'2017-09-14 15:53:12','2017-09-14 15:53:12'),('d85d30e2-15d1-494c-9203-c7feb8800438','App\\Notifications\\LeadActionNotification',2,'App\\Models\\User','{\"assigned_user\":2,\"created_user\":2,\"message\":\"Made in the Shade was completed by Alex Portugal\",\"type\":\"App\\\\Models\\\\Lead\",\"type_id\":9,\"url\":\"https:\\/\\/crm.triplejetsettlement.com\\/leads\\/9\",\"action\":\"updated_status\"}',NULL,'2017-09-22 17:38:00','2017-09-22 17:38:00'),('d866b0bb-b0d8-4a5b-a4f5-ab6ee79b0463','App\\Notifications\\DebtActionNotification',2,'App\\Models\\User','{\"assigned_user\":2,\"created_user\":2,\"message\":\"william was created by Alex Portugal and assigned to you\",\"type\":\"App\\\\Models\\\\Debt\",\"type_id\":18,\"url\":\"https:\\/\\/crm.triplejetsettlement.com\\/debts\\/18\",\"action\":\"created\"}',NULL,'2017-09-29 19:15:45','2017-09-29 19:15:45'),('d887fb19-34eb-4c77-bfb2-e21bead83c2a','App\\Notifications\\ClientActionNotification',2,'App\\Models\\User','{\"assigned_user\":2,\"created_user\":2,\"message\":\"Client Metal Fortress Radio LLC was assigned to you\",\"type\":\"App\\\\Models\\\\Client\",\"type_id\":4,\"url\":\"http:\\/\\/crm.squareonesettlement.com\\/clients\\/4\",\"action\":\"created\"}',NULL,'2017-09-05 20:15:44','2017-09-05 20:15:44'),('da28d05b-de03-4623-b0eb-9cf59d97eaf6','App\\Notifications\\DebtActionNotification',2,'App\\Models\\User','{\"assigned_user\":2,\"created_user\":2,\"message\":\"KR Trading was completed by Alex Portugal\",\"type\":\"App\\\\Models\\\\Debt\",\"type_id\":5,\"url\":\"https:\\/\\/crm.triplejetsettlement.com\\/debts\\/5\",\"action\":\"updated_status\"}',NULL,'2017-10-12 23:20:57','2017-10-12 23:20:57'),('da3ae6e9-d542-4f89-bcc6-1dee4c4ee5c9','App\\Notifications\\TaskActionNotification',5,'App\\Models\\User','{\"assigned_user\":5,\"created_user\":2,\"message\":\"Premium Shield INC was created by Alex Portugal, and assigned to you\",\"type\":\"App\\\\Models\\\\Task\",\"type_id\":4,\"url\":\"https:\\/\\/crm.triplejetsettlement.com\\/tasks\\/4\",\"action\":\"created\"}',NULL,'2017-10-06 21:34:53','2017-10-06 21:34:53'),('dc1e7c01-df24-45cd-8466-16fe898840f5','App\\Notifications\\DebtActionNotification',6,'App\\Models\\User','{\"assigned_user\":6,\"created_user\":2,\"message\":\"Adobe Sign agreement was created for rsc mechanical \",\"type\":\"App\\\\Models\\\\Debt\",\"type_id\":7,\"url\":\"https:\\/\\/crm.triplejetsettlement.com\\/debts\\/7\",\"action\":\"updated_agreement\"}',NULL,'2017-10-10 22:02:01','2017-10-10 22:02:01'),('dc4dc452-7398-490e-a218-c041dcbd007d','App\\Notifications\\ClientActionNotification',1,'App\\Models\\User','{\"assigned_user\":1,\"created_user\":1,\"message\":\"Client Best Productions was assigned to you\",\"type\":\"App\\\\Models\\\\Client\",\"type_id\":11,\"url\":\"http:\\/\\/crm.triplejetsettlement.com\\/clients\\/11\",\"action\":\"created\"}',NULL,'2017-09-18 09:51:43','2017-09-18 09:51:43'),('e0531132-90c8-4efc-8fff-332d654f67a9','App\\Notifications\\DebtActionNotification',2,'App\\Models\\User','{\"assigned_user\":2,\"created_user\":2,\"message\":\"Adobe Sign agreement was created for Monday \",\"type\":\"App\\\\Models\\\\Debt\",\"type_id\":2,\"url\":\"https:\\/\\/crm.triplejetsettlement.com\\/debts\\/2\",\"action\":\"updated_agreement\"}',NULL,'2017-10-02 17:54:14','2017-10-02 17:54:14'),('e3aa9773-14ff-4567-8758-4a5d76381b4f','App\\Notifications\\ClientActionNotification',2,'App\\Models\\User','{\"assigned_user\":2,\"created_user\":2,\"message\":\"Client Mile Fabrication INC was assigned to you\",\"type\":\"App\\\\Models\\\\Client\",\"type_id\":20,\"url\":\"https:\\/\\/crm.triplejetsettlement.com\\/clients\\/20\",\"action\":\"created\"}',NULL,'2017-10-07 00:55:14','2017-10-07 00:55:14'),('e40a5ebb-9d24-4e99-99b2-a03d15e72901','App\\Notifications\\DebtActionNotification',2,'App\\Models\\User','{\"assigned_user\":2,\"created_user\":2,\"message\":\"Adobe Sign agreement was created for Alcapone Foster\",\"type\":\"App\\\\Models\\\\Debt\",\"type_id\":17,\"url\":\"https:\\/\\/crm.triplejetsettlement.com\\/debts\\/17\",\"action\":\"updated_agreement\"}',NULL,'2017-10-18 21:38:54','2017-10-18 21:38:54'),('e55da686-39c8-4edf-9bae-69d8f97b3337','App\\Notifications\\DebtActionNotification',2,'App\\Models\\User','{\"assigned_user\":2,\"created_user\":2,\"message\":\"khjgiou was completed by Alex Portugal\",\"type\":\"App\\\\Models\\\\Debt\",\"type_id\":1,\"url\":\"http:\\/\\/crm.triplejetsettlement.com\\/debts\\/1\",\"action\":\"updated_status\"}',NULL,'2017-09-13 17:23:30','2017-09-13 17:23:30'),('e6c07dc7-324b-4e79-ba47-d6da9edb42b4','App\\Notifications\\DebtActionNotification',2,'App\\Models\\User','{\"assigned_user\":2,\"created_user\":2,\"message\":\"Adobe Sign agreement was created for Wesley Charles\",\"type\":\"App\\\\Models\\\\Debt\",\"type_id\":3,\"url\":\"https:\\/\\/crm.triplejetsettlement.com\\/debts\\/3\",\"action\":\"updated_agreement\"}',NULL,'2017-10-02 19:45:58','2017-10-02 19:45:58'),('e72ee931-690b-43c8-9112-02e33c222f17','App\\Notifications\\LeadActionNotification',2,'App\\Models\\User','{\"assigned_user\":2,\"created_user\":2,\"message\":\"All Mine was created by Alex Portugal and assigned to you\",\"type\":\"App\\\\Models\\\\Lead\",\"type_id\":12,\"url\":\"https:\\/\\/crm.triplejetsettlement.com\\/leads\\/12\",\"action\":\"created\"}',NULL,'2017-10-12 23:16:05','2017-10-12 23:16:05'),('e73a02d1-e09f-4aa2-bc6f-836a48afbefb','App\\Notifications\\DebtActionNotification',2,'App\\Models\\User','{\"assigned_user\":2,\"created_user\":2,\"message\":\"87673 was completed by Alex Portugal\",\"type\":\"App\\\\Models\\\\Debt\",\"type_id\":2,\"url\":\"http:\\/\\/crm.triplejetsettlement.com\\/debts\\/2\",\"action\":\"updated_status\"}',NULL,'2017-09-13 18:28:26','2017-09-13 18:28:26'),('e8324bdd-540e-44c4-a759-96cdaa2fcab3','App\\Notifications\\DebtActionNotification',2,'App\\Models\\User','{\"assigned_user\":2,\"created_user\":2,\"message\":\"khjgiou was created by Alex Portugal and assigned to you\",\"type\":\"App\\\\Models\\\\Debt\",\"type_id\":1,\"url\":\"http:\\/\\/crm.triplejetsettlement.com\\/debts\\/1\",\"action\":\"created\"}',NULL,'2017-09-13 17:11:48','2017-09-13 17:11:48'),('e8a89ed7-0bf6-48b1-8a2a-3789920ea0a6','App\\Notifications\\DebtActionNotification',2,'App\\Models\\User','{\"assigned_user\":2,\"created_user\":2,\"message\":\"Adobe Sign agreement was created for William Schereck\",\"type\":\"App\\\\Models\\\\Debt\",\"type_id\":12,\"url\":\"https:\\/\\/crm.triplejetsettlement.com\\/debts\\/12\",\"action\":\"updated_agreement\"}',NULL,'2017-10-11 00:04:12','2017-10-11 00:04:12'),('ea542e97-1c41-4eca-b3ab-c31fedf3cd5d','App\\Notifications\\LeadActionNotification',2,'App\\Models\\User','{\"assigned_user\":2,\"created_user\":2,\"message\":\"Wayne Auto Collision & Sales INC was completed by Alex Portugal\",\"type\":\"App\\\\Models\\\\Lead\",\"type_id\":4,\"url\":\"https:\\/\\/crm.triplejetsettlement.com\\/leads\\/4\",\"action\":\"updated_status\"}',NULL,'2017-09-22 20:11:12','2017-09-22 20:11:12'),('edcc8164-57c2-459e-87c3-fd5fcba495c2','App\\Notifications\\DebtActionNotification',6,'App\\Models\\User','{\"assigned_user\":6,\"created_user\":2,\"message\":\"rsc mechanical  was completed by Alex Portugal\",\"type\":\"App\\\\Models\\\\Debt\",\"type_id\":7,\"url\":\"https:\\/\\/crm.triplejetsettlement.com\\/debts\\/7\",\"action\":\"updated_status\"}',NULL,'2017-10-12 23:20:23','2017-10-12 23:20:23'),('ee42613c-a9b7-4957-952f-2a8128ccb371','App\\Notifications\\DebtActionNotification',2,'App\\Models\\User','{\"assigned_user\":2,\"created_user\":2,\"message\":\"Adobe Sign agreement was created for WOW\",\"type\":\"App\\\\Models\\\\Debt\",\"type_id\":11,\"url\":\"https:\\/\\/crm.triplejetsettlement.com\\/debts\\/11\",\"action\":\"updated_agreement\"}',NULL,'2017-09-27 17:31:56','2017-09-27 17:31:56'),('efa53fa2-33c8-4616-9a49-5a2f2fe84e6b','App\\Notifications\\DebtActionNotification',2,'App\\Models\\User','{\"assigned_user\":2,\"created_user\":2,\"message\":\"Adobe Sign agreement was created for william\",\"type\":\"App\\\\Models\\\\Debt\",\"type_id\":18,\"url\":\"https:\\/\\/crm.triplejetsettlement.com\\/debts\\/18\",\"action\":\"updated_agreement\"}',NULL,'2017-09-29 19:16:06','2017-09-29 19:16:06'),('f0447338-3342-49bb-a79f-a2e494d08fda','App\\Notifications\\DebtActionNotification',2,'App\\Models\\User','{\"assigned_user\":2,\"created_user\":2,\"message\":\"Adobe Sign agreement was created for Man Lover\",\"type\":\"App\\\\Models\\\\Debt\",\"type_id\":1,\"url\":\"https:\\/\\/crm.triplejetsettlement.com\\/debts\\/1\",\"action\":\"updated_agreement\"}',NULL,'2017-10-02 04:41:13','2017-10-02 04:41:13'),('f24b9932-1195-48db-819c-cbc62d380b4f','App\\Notifications\\DebtActionNotification',2,'App\\Models\\User','{\"assigned_user\":2,\"created_user\":2,\"message\":\"Test01 was created by Alex Portugal and assigned to you\",\"type\":\"App\\\\Models\\\\Debt\",\"type_id\":8,\"url\":\"https:\\/\\/crm.triplejetsettlement.com\\/debts\\/8\",\"action\":\"created\"}',NULL,'2017-09-26 10:06:20','2017-09-26 10:06:20'),('f29f1ee3-a47a-4d0e-8c50-8d6142ee72e4','App\\Notifications\\DebtActionNotification',2,'App\\Models\\User','{\"assigned_user\":2,\"created_user\":2,\"message\":\"Adobe Sign agreement was created for william\",\"type\":\"App\\\\Models\\\\Debt\",\"type_id\":18,\"url\":\"https:\\/\\/crm.triplejetsettlement.com\\/debts\\/18\",\"action\":\"updated_agreement\"}',NULL,'2017-09-29 19:42:50','2017-09-29 19:42:50'),('f320b58d-4d41-4c93-a825-aa76916d3e3c','App\\Notifications\\DebtActionNotification',2,'App\\Models\\User','{\"assigned_user\":2,\"created_user\":2,\"message\":\"Donald Trump was created by Alex Portugal and assigned to you\",\"type\":\"App\\\\Models\\\\Debt\",\"type_id\":5,\"url\":\"http:\\/\\/crm.triplejetsettlement.com\\/debts\\/5\",\"action\":\"created\"}',NULL,'2017-09-14 14:02:04','2017-09-14 14:02:04'),('f326b0f2-136a-4268-9467-a34b0dbd4114','App\\Notifications\\TaskActionNotification',2,'App\\Models\\User','{\"assigned_user\":2,\"created_user\":2,\"message\":\"Alex Check was created by Alex Portugal, and assigned to you\",\"type\":\"App\\\\Models\\\\Task\",\"type_id\":3,\"url\":\"https:\\/\\/crm.triplejetsettlement.com\\/tasks\\/3\",\"action\":\"created\"}',NULL,'2017-10-06 19:37:05','2017-10-06 19:37:05'),('f3551370-bf18-43ae-a36f-93f7a426250f','App\\Notifications\\DebtActionNotification',2,'App\\Models\\User','{\"assigned_user\":2,\"created_user\":2,\"message\":\"123456 was created by Alex Portugal and assigned to you\",\"type\":\"App\\\\Models\\\\Debt\",\"type_id\":14,\"url\":\"https:\\/\\/crm.triplejetsettlement.com\\/debts\\/14\",\"action\":\"created\"}',NULL,'2017-09-28 15:46:05','2017-09-28 15:46:05'),('f395827c-fbcd-4c06-ac99-91381c63fa9d','App\\Notifications\\DebtActionNotification',2,'App\\Models\\User','{\"assigned_user\":2,\"created_user\":2,\"message\":\"Adobe Sign agreement was created for Alcapone Foster\",\"type\":\"App\\\\Models\\\\Debt\",\"type_id\":17,\"url\":\"https:\\/\\/crm.triplejetsettlement.com\\/debts\\/17\",\"action\":\"updated_agreement\"}',NULL,'2017-10-26 18:59:26','2017-10-26 18:59:26'),('f4c37865-e22a-45bb-a0e1-fb57f91f8de2','App\\Notifications\\LeadActionNotification',2,'App\\Models\\User','{\"assigned_user\":2,\"created_user\":2,\"message\":\"Mark Hogue was created by Alex Portugal and assigned to you\",\"type\":\"App\\\\Models\\\\Lead\",\"type_id\":1,\"url\":\"http:\\/\\/crm.squareonesettlement.com\\/leads\\/1\",\"action\":\"created\"}',NULL,'2017-08-31 19:21:07','2017-08-31 19:21:07'),('f4e04321-c10b-42af-a9e2-5813d1aba469','App\\Notifications\\DebtActionNotification',2,'App\\Models\\User','{\"assigned_user\":2,\"created_user\":2,\"message\":\"Deborah Moerland was created by Alex Portugal and assigned to you\",\"type\":\"App\\\\Models\\\\Debt\",\"type_id\":13,\"url\":\"https:\\/\\/crm.triplejetsettlement.com\\/debts\\/13\",\"action\":\"created\"}',NULL,'2017-10-11 20:10:40','2017-10-11 20:10:40'),('f57aa766-0032-437d-b064-25a1ee4c387e','App\\Notifications\\DebtActionNotification',2,'App\\Models\\User','{\"assigned_user\":2,\"created_user\":6,\"message\":\"Adobe Sign agreement was created for test 54345634\",\"type\":\"App\\\\Models\\\\Debt\",\"type_id\":16,\"url\":\"https:\\/\\/crm.triplejetsettlement.com\\/debts\\/16\",\"action\":\"updated_agreement\"}',NULL,'2017-09-28 20:44:58','2017-09-28 20:44:58'),('f5c4a694-c81c-4664-8bbc-2f78825d19e3','App\\Notifications\\DebtActionNotification',2,'App\\Models\\User','{\"assigned_user\":2,\"created_user\":2,\"message\":\"Michelle Miles was created by Alex Portugal and assigned to you\",\"type\":\"App\\\\Models\\\\Debt\",\"type_id\":10,\"url\":\"https:\\/\\/crm.triplejetsettlement.com\\/debts\\/10\",\"action\":\"created\"}',NULL,'2017-10-07 01:13:40','2017-10-07 01:13:40'),('f5d52471-4ab5-48bf-a662-a48baff45bc7','App\\Notifications\\LeadActionNotification',2,'App\\Models\\User','{\"assigned_user\":2,\"created_user\":2,\"message\":\"Metal Fortress Radio LLC was completed by Alex Portugal\",\"type\":\"App\\\\Models\\\\Lead\",\"type_id\":2,\"url\":\"http:\\/\\/crm.squareonesettlement.com\\/leads\\/2\",\"action\":\"updated_status\"}',NULL,'2017-09-05 20:30:14','2017-09-05 20:30:14'),('f6fae33a-9c2f-4297-8d49-f4e356e59854','App\\Notifications\\DebtActionNotification',2,'App\\Models\\User','{\"assigned_user\":2,\"created_user\":2,\"message\":\"Adobe Sign agreement was created for Go\",\"type\":\"App\\\\Models\\\\Debt\",\"type_id\":11,\"url\":\"https:\\/\\/crm.triplejetsettlement.com\\/debts\\/11\",\"action\":\"updated_agreement\"}',NULL,'2017-10-09 22:43:43','2017-10-09 22:43:43'),('f7e9dd1a-445e-4667-ba3b-a41d5774a3be','App\\Notifications\\DebtActionNotification',2,'App\\Models\\User','{\"assigned_user\":2,\"created_user\":2,\"message\":\"KR Trading was created by Alex Portugal and assigned to you\",\"type\":\"App\\\\Models\\\\Debt\",\"type_id\":5,\"url\":\"https:\\/\\/crm.triplejetsettlement.com\\/debts\\/5\",\"action\":\"created\"}',NULL,'2017-10-04 18:31:07','2017-10-04 18:31:07'),('f90d54e2-4133-48f7-92d5-59b65ca6c88f','App\\Notifications\\DebtActionNotification',2,'App\\Models\\User','{\"assigned_user\":2,\"created_user\":2,\"message\":\"Adobe Sign agreement was created for Deborah Moerland\",\"type\":\"App\\\\Models\\\\Debt\",\"type_id\":13,\"url\":\"https:\\/\\/crm.triplejetsettlement.com\\/debts\\/13\",\"action\":\"updated_agreement\"}',NULL,'2017-10-11 20:12:14','2017-10-11 20:12:14'),('f9cd475f-50a1-4bcf-af96-f4bc51986669','App\\Notifications\\DebtActionNotification',2,'App\\Models\\User','{\"assigned_user\":2,\"created_user\":2,\"message\":\"Adobe Sign agreement was created for Lorin Croce\",\"type\":\"App\\\\Models\\\\Debt\",\"type_id\":21,\"url\":\"https:\\/\\/crm.triplejetsettlement.com\\/debts\\/21\",\"action\":\"updated_agreement\"}',NULL,'2017-10-20 22:34:10','2017-10-20 22:34:10'),('f9d9fc7f-0ca8-4dd5-b89f-e051f19a8484','App\\Notifications\\TaskActionNotification',5,'App\\Models\\User','{\"assigned_user\":5,\"created_user\":2,\"message\":\"Request Loan Agreement was completed by Alex Portugal\",\"type\":\"App\\\\Models\\\\Task\",\"type_id\":1,\"url\":\"http:\\/\\/crm.triplejetsettlement.com\\/tasks\\/1\",\"action\":\"updated_status\"}',NULL,'2017-09-18 09:59:15','2017-09-18 09:59:15'),('fa744abb-768b-4e2b-a636-f9d5382b8d68','App\\Notifications\\DebtActionNotification',6,'App\\Models\\User','{\"assigned_user\":6,\"created_user\":2,\"message\":\"Adobe Sign agreement was created for rsc mechanical \",\"type\":\"App\\\\Models\\\\Debt\",\"type_id\":7,\"url\":\"https:\\/\\/crm.triplejetsettlement.com\\/debts\\/7\",\"action\":\"updated_agreement\"}',NULL,'2017-10-06 00:14:59','2017-10-06 00:14:59'),('fb43480e-c4f6-473b-b55a-fdeb6955cec0','App\\Notifications\\DebtActionNotification',2,'App\\Models\\User','{\"assigned_user\":2,\"created_user\":2,\"message\":\"Daniel Hocevar was created by Alex Portugal and assigned to you\",\"type\":\"App\\\\Models\\\\Debt\",\"type_id\":22,\"url\":\"https:\\/\\/crm.triplejetsettlement.com\\/debts\\/22\",\"action\":\"created\"}',NULL,'2017-10-23 19:28:40','2017-10-23 19:28:40'),('fd70eeb3-5fb4-4d4f-8440-8aabd3ea034b','App\\Notifications\\ClientActionNotification',2,'App\\Models\\User','{\"assigned_user\":2,\"created_user\":2,\"message\":\"Client Busy Bee Development Learning Center was assigned to you\",\"type\":\"App\\\\Models\\\\Client\",\"type_id\":17,\"url\":\"https:\\/\\/crm.triplejetsettlement.com\\/clients\\/17\",\"action\":\"created\"}',NULL,'2017-10-05 18:51:25','2017-10-05 18:51:25'),('fe63aa2f-fffe-4729-b4d5-813dc8dfffa2','App\\Notifications\\DebtActionNotification',2,'App\\Models\\User','{\"assigned_user\":2,\"created_user\":2,\"message\":\"Adobe Sign agreement was created for Busy Bee Developmental Learning Center\",\"type\":\"App\\\\Models\\\\Debt\",\"type_id\":6,\"url\":\"https:\\/\\/crm.triplejetsettlement.com\\/debts\\/6\",\"action\":\"updated_agreement\"}',NULL,'2017-10-09 07:25:40','2017-10-09 07:25:40'),('fece354d-482f-4c46-b4ba-afe84f41a4f1','App\\Notifications\\DebtActionNotification',2,'App\\Models\\User','{\"assigned_user\":2,\"created_user\":2,\"message\":\"All Mine was created by Alex Portugal and assigned to you\",\"type\":\"App\\\\Models\\\\Debt\",\"type_id\":14,\"url\":\"https:\\/\\/crm.triplejetsettlement.com\\/debts\\/14\",\"action\":\"created\"}',NULL,'2017-10-12 23:17:17','2017-10-12 23:17:17'),('ff33e14c-a066-4927-8100-bc3b93ad0df5','App\\Notifications\\DebtActionNotification',2,'App\\Models\\User','{\"assigned_user\":2,\"created_user\":2,\"message\":\"R  C Builders of Ashton was completed by Alex Portugal\",\"type\":\"App\\\\Models\\\\Debt\",\"type_id\":6,\"url\":\"http:\\/\\/crm.triplejetsettlement.com\\/debts\\/6\",\"action\":\"updated_status\"}',NULL,'2017-09-15 20:34:31','2017-09-15 20:34:31');
/*!40000 ALTER TABLE `notifications` ENABLE KEYS */;
UNLOCK TABLES;

--
-- Table structure for table `password_resets`
--

DROP TABLE IF EXISTS `password_resets`;
/*!40101 SET @saved_cs_client     = @@character_set_client */;
/*!40101 SET character_set_client = utf8 */;
CREATE TABLE `password_resets` (
  `email` varchar(255) COLLATE utf8_unicode_ci NOT NULL,
  `token` varchar(255) COLLATE utf8_unicode_ci NOT NULL,
  `created_at` timestamp NOT NULL DEFAULT CURRENT_TIMESTAMP ON UPDATE CURRENT_TIMESTAMP,
  KEY `password_resets_email_index` (`email`),
  KEY `password_resets_token_index` (`token`)
) ENGINE=InnoDB DEFAULT CHARSET=utf8 COLLATE=utf8_unicode_ci;
/*!40101 SET character_set_client = @saved_cs_client */;

--
-- Dumping data for table `password_resets`
--

LOCK TABLES `password_resets` WRITE;
/*!40000 ALTER TABLE `password_resets` DISABLE KEYS */;
/*!40000 ALTER TABLE `password_resets` ENABLE KEYS */;
UNLOCK TABLES;

--
-- Table structure for table `permission_role`
--

DROP TABLE IF EXISTS `permission_role`;
/*!40101 SET @saved_cs_client     = @@character_set_client */;
/*!40101 SET character_set_client = utf8 */;
CREATE TABLE `permission_role` (
  `permission_id` int(10) unsigned NOT NULL,
  `role_id` int(10) unsigned NOT NULL,
  PRIMARY KEY (`permission_id`,`role_id`),
  KEY `permission_role_role_id_foreign` (`role_id`),
  CONSTRAINT `permission_role_permission_id_foreign` FOREIGN KEY (`permission_id`) REFERENCES `permissions` (`id`) ON DELETE CASCADE ON UPDATE CASCADE,
  CONSTRAINT `permission_role_role_id_foreign` FOREIGN KEY (`role_id`) REFERENCES `roles` (`id`) ON DELETE CASCADE ON UPDATE CASCADE
) ENGINE=InnoDB DEFAULT CHARSET=utf8 COLLATE=utf8_unicode_ci;
/*!40101 SET character_set_client = @saved_cs_client */;

--
-- Dumping data for table `permission_role`
--

LOCK TABLES `permission_role` WRITE;
/*!40000 ALTER TABLE `permission_role` DISABLE KEYS */;
INSERT INTO `permission_role` VALUES (1,1),(2,1),(3,1),(4,1),(5,1),(6,1),(7,1),(8,1),(9,1),(10,1),(11,1),(12,1),(1,2),(2,2),(3,2),(4,2),(5,2),(6,2),(7,2),(8,2),(9,2),(10,2),(11,2),(12,2),(1,3),(2,3),(3,3),(4,3),(5,3),(6,3),(7,3),(8,3),(9,3),(10,3),(11,3),(12,3),(1,4),(2,4),(3,4),(4,4),(5,4),(6,4),(7,4),(8,4),(9,4),(10,4),(11,4),(12,4),(1,5),(2,5),(3,5),(4,5),(5,5),(6,5),(7,5),(8,5),(9,5),(10,5),(11,5),(12,5);
/*!40000 ALTER TABLE `permission_role` ENABLE KEYS */;
UNLOCK TABLES;

--
-- Table structure for table `permissions`
--

DROP TABLE IF EXISTS `permissions`;
/*!40101 SET @saved_cs_client     = @@character_set_client */;
/*!40101 SET character_set_client = utf8 */;
CREATE TABLE `permissions` (
  `id` int(10) unsigned NOT NULL AUTO_INCREMENT,
  `name` varchar(255) COLLATE utf8_unicode_ci NOT NULL,
  `display_name` varchar(255) COLLATE utf8_unicode_ci DEFAULT NULL,
  `description` varchar(255) COLLATE utf8_unicode_ci DEFAULT NULL,
  `created_at` timestamp NULL DEFAULT NULL,
  `updated_at` timestamp NULL DEFAULT NULL,
  PRIMARY KEY (`id`),
  UNIQUE KEY `permissions_name_unique` (`name`)
) ENGINE=InnoDB AUTO_INCREMENT=13 DEFAULT CHARSET=utf8 COLLATE=utf8_unicode_ci;
/*!40101 SET character_set_client = @saved_cs_client */;

--
-- Dumping data for table `permissions`
--

LOCK TABLES `permissions` WRITE;
/*!40000 ALTER TABLE `permissions` DISABLE KEYS */;
INSERT INTO `permissions` VALUES (1,'user-create','Create user','Permission to create user','2017-08-25 08:46:26','2017-08-25 08:46:26'),(2,'user-update','Update user','Permission to update user','2017-08-25 08:46:26','2017-08-25 08:46:26'),(3,'user-delete','Delete user','Permission to update delete','2017-08-25 08:46:26','2017-08-25 08:46:26'),(4,'client-create','Create client','Permission to create client','2017-08-25 08:46:26','2017-08-25 08:46:26'),(5,'client-update','Update client','Permission to update client','2017-08-25 08:46:26','2017-08-25 08:46:26'),(6,'client-delete','Delete client','Permission to delete client','2017-08-25 08:46:26','2017-08-25 08:46:26'),(7,'task-create','Create task','Permission to create task','2017-08-25 08:46:26','2017-08-25 08:46:26'),(8,'task-update','Update task','Permission to update task','2017-08-25 08:46:26','2017-08-25 08:46:26'),(9,'lead-create','Create lead','Permission to create lead','2017-08-25 08:46:26','2017-08-25 08:46:26'),(10,'lead-update','Update lead','Permission to update lead','2017-08-25 08:46:26','2017-08-25 08:46:26'),(11,'debt-create','Create debt','Permission to create debt',NULL,NULL),(12,'debt-update','Update debt','Permission to update debt',NULL,NULL);
/*!40000 ALTER TABLE `permissions` ENABLE KEYS */;
UNLOCK TABLES;

--
-- Table structure for table `role_user`
--

DROP TABLE IF EXISTS `role_user`;
/*!40101 SET @saved_cs_client     = @@character_set_client */;
/*!40101 SET character_set_client = utf8 */;
CREATE TABLE `role_user` (
  `user_id` int(10) unsigned NOT NULL,
  `role_id` int(10) unsigned NOT NULL,
  PRIMARY KEY (`user_id`,`role_id`),
  KEY `role_user_role_id_foreign` (`role_id`),
  CONSTRAINT `role_user_role_id_foreign` FOREIGN KEY (`role_id`) REFERENCES `roles` (`id`) ON DELETE CASCADE ON UPDATE CASCADE,
  CONSTRAINT `role_user_user_id_foreign` FOREIGN KEY (`user_id`) REFERENCES `users` (`id`) ON DELETE CASCADE ON UPDATE CASCADE
) ENGINE=InnoDB DEFAULT CHARSET=utf8 COLLATE=utf8_unicode_ci;
/*!40101 SET character_set_client = @saved_cs_client */;

--
-- Dumping data for table `role_user`
--

LOCK TABLES `role_user` WRITE;
/*!40000 ALTER TABLE `role_user` DISABLE KEYS */;
INSERT INTO `role_user` VALUES (1,1),(2,1),(3,1),(5,1),(6,1);
/*!40000 ALTER TABLE `role_user` ENABLE KEYS */;
UNLOCK TABLES;

--
-- Table structure for table `roles`
--

DROP TABLE IF EXISTS `roles`;
/*!40101 SET @saved_cs_client     = @@character_set_client */;
/*!40101 SET character_set_client = utf8 */;
CREATE TABLE `roles` (
  `id` int(10) unsigned NOT NULL AUTO_INCREMENT,
  `name` varchar(255) COLLATE utf8_unicode_ci NOT NULL,
  `display_name` varchar(255) COLLATE utf8_unicode_ci DEFAULT NULL,
  `description` varchar(255) COLLATE utf8_unicode_ci DEFAULT NULL,
  `created_at` timestamp NULL DEFAULT NULL,
  `updated_at` timestamp NULL DEFAULT NULL,
  PRIMARY KEY (`id`),
  UNIQUE KEY `roles_name_unique` (`name`)
) ENGINE=InnoDB AUTO_INCREMENT=6 DEFAULT CHARSET=utf8 COLLATE=utf8_unicode_ci;
/*!40101 SET character_set_client = @saved_cs_client */;

--
-- Dumping data for table `roles`
--

LOCK TABLES `roles` WRITE;
/*!40000 ALTER TABLE `roles` DISABLE KEYS */;
INSERT INTO `roles` VALUES (1,'administrator','Administrator','System Administrator','2017-08-25 08:46:26','2017-08-25 08:46:26'),(2,'manager','Manager','System Manager','2017-08-25 08:46:26','2017-08-25 08:46:26'),(3,'employee','Employee','Employee','2017-08-25 08:46:26','2017-08-25 08:46:26'),(4,'office admin','Office Admin','Handles office daily assignments','2017-08-29 00:25:22','2017-08-29 00:25:22'),(5,'debt advisor','Debt Advisor','Opener','2017-09-07 17:53:23','2017-09-07 17:53:23');
/*!40000 ALTER TABLE `roles` ENABLE KEYS */;
UNLOCK TABLES;

--
-- Table structure for table `settings`
--

DROP TABLE IF EXISTS `settings`;
/*!40101 SET @saved_cs_client     = @@character_set_client */;
/*!40101 SET character_set_client = utf8 */;
CREATE TABLE `settings` (
  `id` int(10) unsigned NOT NULL AUTO_INCREMENT,
  `task_complete_allowed` int(11) NOT NULL,
  `task_assign_allowed` int(11) NOT NULL,
  `lead_complete_allowed` int(11) NOT NULL,
  `lead_assign_allowed` int(11) NOT NULL,
  `time_change_allowed` int(11) NOT NULL,
  `comment_allowed` int(11) NOT NULL,
  `country` varchar(255) COLLATE utf8_unicode_ci DEFAULT NULL,
  `company` varchar(255) COLLATE utf8_unicode_ci DEFAULT NULL,
  `created_at` timestamp NULL DEFAULT NULL,
  `updated_at` timestamp NULL DEFAULT NULL,
  PRIMARY KEY (`id`)
) ENGINE=InnoDB AUTO_INCREMENT=2 DEFAULT CHARSET=utf8 COLLATE=utf8_unicode_ci;
/*!40101 SET character_set_client = @saved_cs_client */;

--
-- Dumping data for table `settings`
--

LOCK TABLES `settings` WRITE;
/*!40000 ALTER TABLE `settings` DISABLE KEYS */;
INSERT INTO `settings` VALUES (1,1,1,1,1,2,2,'en','Media',NULL,'2017-09-18 18:17:28');
/*!40000 ALTER TABLE `settings` ENABLE KEYS */;
UNLOCK TABLES;

--
-- Table structure for table `tasks`
--

DROP TABLE IF EXISTS `tasks`;
/*!40101 SET @saved_cs_client     = @@character_set_client */;
/*!40101 SET character_set_client = utf8 */;
CREATE TABLE `tasks` (
  `id` int(10) unsigned NOT NULL AUTO_INCREMENT,
  `title` varchar(255) COLLATE utf8_unicode_ci NOT NULL,
  `description` text COLLATE utf8_unicode_ci NOT NULL,
  `status` int(11) NOT NULL,
  `user_assigned_id` int(10) unsigned NOT NULL,
  `user_created_id` int(10) unsigned NOT NULL,
  `client_id` int(10) unsigned NOT NULL,
  `deadline` date NOT NULL,
  `created_at` timestamp NULL DEFAULT NULL,
  `updated_at` timestamp NULL DEFAULT NULL,
  PRIMARY KEY (`id`),
  KEY `tasks_user_assigned_id_foreign` (`user_assigned_id`),
  KEY `tasks_user_created_id_foreign` (`user_created_id`),
  KEY `tasks_client_id_foreign` (`client_id`),
  CONSTRAINT `tasks_client_id_foreign` FOREIGN KEY (`client_id`) REFERENCES `clients` (`id`),
  CONSTRAINT `tasks_user_assigned_id_foreign` FOREIGN KEY (`user_assigned_id`) REFERENCES `users` (`id`),
  CONSTRAINT `tasks_user_created_id_foreign` FOREIGN KEY (`user_created_id`) REFERENCES `users` (`id`)
) ENGINE=InnoDB AUTO_INCREMENT=7 DEFAULT CHARSET=utf8 COLLATE=utf8_unicode_ci;
/*!40101 SET character_set_client = @saved_cs_client */;

--
-- Dumping data for table `tasks`
--

LOCK TABLES `tasks` WRITE;
/*!40000 ALTER TABLE `tasks` DISABLE KEYS */;
INSERT INTO `tasks` VALUES (1,'Request Loan Agreement','Client has Biz advance. Has defaulted over a year. wanting to settle quickly. Request Bizfi agreement.',2,5,2,2,'2017-09-01','2017-08-29 18:00:57','2017-09-18 09:59:15'),(2,'WC 8/30 - Anthony Ferrell ','WC 12pm 8/30\r\nNeeds new Processor \r\nInform of options',2,5,2,2,'2017-09-02','2017-08-30 20:18:59','2017-08-30 20:21:12'),(3,'Alex Check','I checked contract 11:35a',2,2,2,17,'2017-10-06','2017-10-06 19:37:05','2017-10-06 22:41:11'),(4,'Premium Shield INC','update email address',1,5,2,8,'2017-10-06','2017-10-06 21:34:53','2017-10-06 21:34:53'),(5,'New Era - Settled 2,300','New Era - Settled 2,300',2,2,2,14,'2017-10-11','2017-10-13 19:25:12','2017-10-13 19:25:12'),(6,'Moonarh LLC','10%\r\n30% service fee',1,2,2,25,'2017-10-18','2017-10-18 19:16:03','2017-10-18 19:16:03');
/*!40000 ALTER TABLE `tasks` ENABLE KEYS */;
UNLOCK TABLES;

--
-- Table structure for table `tasks_time`
--

DROP TABLE IF EXISTS `tasks_time`;
/*!40101 SET @saved_cs_client     = @@character_set_client */;
/*!40101 SET character_set_client = utf8 */;
CREATE TABLE `tasks_time` (
  `id` int(10) unsigned NOT NULL AUTO_INCREMENT,
  `title` varchar(255) COLLATE utf8_unicode_ci NOT NULL,
  `comment` text COLLATE utf8_unicode_ci NOT NULL,
  `value` int(11) NOT NULL,
  `task_id` int(10) unsigned NOT NULL,
  `time` int(11) DEFAULT NULL,
  `overtime` int(11) DEFAULT NULL,
  `weekendOvertime` int(11) DEFAULT NULL,
  `created_at` timestamp NULL DEFAULT NULL,
  `updated_at` timestamp NULL DEFAULT NULL,
  PRIMARY KEY (`id`),
  KEY `tasks_time_task_id_foreign` (`task_id`),
  CONSTRAINT `tasks_time_task_id_foreign` FOREIGN KEY (`task_id`) REFERENCES `tasks` (`id`)
) ENGINE=InnoDB AUTO_INCREMENT=2 DEFAULT CHARSET=utf8 COLLATE=utf8_unicode_ci;
/*!40101 SET character_set_client = @saved_cs_client */;

--
-- Dumping data for table `tasks_time`
--

LOCK TABLES `tasks_time` WRITE;
/*!40000 ALTER TABLE `tasks_time` DISABLE KEYS */;
INSERT INTO `tasks_time` VALUES (1,'Update Email ','',0,4,0,NULL,NULL,'2017-10-06 21:37:37','2017-10-06 21:37:37');
/*!40000 ALTER TABLE `tasks_time` ENABLE KEYS */;
UNLOCK TABLES;

--
-- Table structure for table `users`
--

DROP TABLE IF EXISTS `users`;
/*!40101 SET @saved_cs_client     = @@character_set_client */;
/*!40101 SET character_set_client = utf8 */;
CREATE TABLE `users` (
  `id` int(10) unsigned NOT NULL AUTO_INCREMENT,
  `name` varchar(255) COLLATE utf8_unicode_ci NOT NULL,
  `email` varchar(255) COLLATE utf8_unicode_ci NOT NULL,
  `password` varchar(60) COLLATE utf8_unicode_ci NOT NULL,
  `address` varchar(255) COLLATE utf8_unicode_ci DEFAULT NULL,
  `work_number` varchar(255) COLLATE utf8_unicode_ci DEFAULT NULL,
  `personal_number` varchar(255) COLLATE utf8_unicode_ci DEFAULT NULL,
  `image_path` varchar(255) COLLATE utf8_unicode_ci DEFAULT NULL,
  `remember_token` varchar(100) COLLATE utf8_unicode_ci DEFAULT NULL,
  `created_at` timestamp NULL DEFAULT NULL,
  `updated_at` timestamp NULL DEFAULT NULL,
  PRIMARY KEY (`id`),
  UNIQUE KEY `users_email_unique` (`email`)
) ENGINE=InnoDB AUTO_INCREMENT=8 DEFAULT CHARSET=utf8 COLLATE=utf8_unicode_ci;
/*!40101 SET character_set_client = @saved_cs_client */;

--
-- Dumping data for table `users`
--

LOCK TABLES `users` WRITE;
/*!40000 ALTER TABLE `users` DISABLE KEYS */;
INSERT INTO `users` VALUES (1,'Admin','logan@loganbest.net','$2y$10$FVoS8wVKIDIsb9PWg0gZM.a7NG7c92zIkDwTtos.ac2RsCPL7ztl.','','0','0','HbhrJiM0_12241077_10205126959602795_4045110688269224600_o.jpg','L18q8dUqYnQri4tIz1LTnIOqRxMbSvmGbHmmRAieEL7QcoZRRskRWoH3GiHc','2016-06-04 17:42:19','2017-10-30 23:04:51'),(2,'Alex Portugal','aportugal@triplejetsettlement.com','$2y$10$Dj5wo5b0xl3YIGhR/DW43ed6cGJHs.nLM2IVE8oZJyZn9EgTqd8dC','','','','HtM6yt4v_FullSizeRender.jpg','N2iMxRNWzHWUiwW8Hx22MgioiCndRmxax6MuWLLeTEZp9abN8y7wQxu1XSWj','2017-08-25 08:53:29','2017-08-29 18:37:10'),(3,'Mitchell Plotkin','mplotkin@triplejetsettlement.com','$2y$10$EoqjD1t5JUEzr/kMjJ0Wgu5lilRUENVll.i.SuSnPm8v.6cNfiHEe','','','','14vAgwgd_FullSizeRender-1.jpg','qAN96zKS0GhiM3iAhZLmgSIaJ3DzCfT9TxDvIC0whC6qcfOejH0jFa2G1JC8','2017-08-28 22:16:11','2017-08-29 18:38:19'),(5,'Mehdi Metidji','metidji@triplejetsettlement.com','$2y$10$t0BC4KuYDAWsYM9e0U8sHOFcBNWMNAzZ7cpcVQrrDPuuAv6/xjBzC','','','',NULL,'TX8nm41IPtiRchO9UGybZ1HEmEj97Sp4olXrZbkyfefmuZt8lXZ9v89YRbii','2017-08-29 00:13:37','2017-09-28 21:04:32'),(6,'Garry Davydov','gdavydov@triplejetsettlement.com','$2y$10$r.lNuY1ySgt.sE8oW79FU.XDe2Wkb0NnFFQVNZN6m3/qaxTHJTkb6','','','',NULL,'w0oY1PfuTEK3RChqW3n9ESiYBNJJC2Fd1E1HNEkspcBO2Ko1dCA6Wf6lDWZG','2017-09-18 19:53:14','2017-09-18 19:54:43');
/*!40000 ALTER TABLE `users` ENABLE KEYS */;
UNLOCK TABLES;
/*!40103 SET TIME_ZONE=@OLD_TIME_ZONE */;

/*!40101 SET SQL_MODE=@OLD_SQL_MODE */;
/*!40014 SET FOREIGN_KEY_CHECKS=@OLD_FOREIGN_KEY_CHECKS */;
/*!40014 SET UNIQUE_CHECKS=@OLD_UNIQUE_CHECKS */;
/*!40101 SET CHARACTER_SET_CLIENT=@OLD_CHARACTER_SET_CLIENT */;
/*!40101 SET CHARACTER_SET_RESULTS=@OLD_CHARACTER_SET_RESULTS */;
/*!40101 SET COLLATION_CONNECTION=@OLD_COLLATION_CONNECTION */;
/*!40111 SET SQL_NOTES=@OLD_SQL_NOTES */;

-- Dump completed on 2017-10-30 15:06:08
